Date,returns,ARIMA_prediction
1/3/2013,-0.002085618,0.002431
1/4/2013,0.004865097,-0.001203
1/7/2013,-0.003123116,-0.001138
1/8/2013,-0.003242372,-0.005209
1/9/2013,0.002655867,-0.000979
1/10/2013,0.007597415,-0.001673
1/11/2013,-4.75E-05,-0.001222
1/14/2013,-0.000930671,0.000708
1/15/2013,0.00112867,0.004351
1/16/2013,0.000196992,0.001441
1/17/2013,0.005642922,-0.001141
1/18/2013,0.00340327,0.001778
1/22/2013,0.004428107,-0.000585
1/23/2013,0.001507477,0.000736
1/24/2013,6.61E-06,0.00062
1/25/2013,0.005445482,0.000154
1/28/2013,-0.001849621,-0.000153
1/29/2013,0.005105995,-0.00077
1/30/2013,-0.003899621,0.00044
1/31/2013,-0.002563301,0.000217
2/1/2013,0.010052706,0.000941
2/4/2013,-0.011538745,0.001039
2/5/2013,0.01041651,0.000897
2/6/2013,0.000549171,0.000512
2/7/2013,-0.001805399,0.000208
2/8/2013,0.005657941,0.001565
2/11/2013,-0.000606118,0.000145
2/12/2013,0.001595272,-8.80E-05
2/13/2013,0.000592263,0.000325
2/14/2013,0.000690672,0.000547
2/15/2013,-0.001045081,0.001102
2/19/2013,0.007336475,-0.000876
2/20/2013,-0.012404138,0.003921
2/21/2013,-0.006303057,-0.000293
2/22/2013,0.008772468,0.001082
2/25/2013,-0.018309581,0.001228
2/26/2013,0.006109463,0.000689
2/27/2013,0.012725994,0.003246
2/28/2013,-0.00086408,-0.00043
3/1/2013,0.002323855,0.002988
3/4/2013,0.004610723,0.001254
3/5/2013,0.009566017,-0.002827
3/6/2013,0.001084513,-0.001634
3/7/2013,0.001816492,0.00051
3/8/2013,0.004481139,-0.001803
3/11/2013,0.003249086,-0.003466
3/12/2013,-0.002403253,0.003273
3/13/2013,0.001314052,-0.000255
3/14/2013,0.00560299,-0.000309
3/15/2013,-0.001618462,0.000268
3/18/2013,-0.005510332,0.001413
3/19/2013,-0.002422531,0.001454
3/20/2013,0.006697492,9.80E-05
3/21/2013,-0.008282434,0.001592
3/22/2013,0.007174256,0.001834
3/25/2013,-0.003340039,0.001843
3/26/2013,0.007785111,-0.000399
3/27/2013,-0.00058835,0.001531
3/28/2013,0.004056669,0.000684
4/1/2013,-0.00447358,-0.000393
4/2/2013,0.005172264,-0.001129
4/3/2013,-0.010546129,-8.00E-05
4/4/2013,0.004048452,0.00108
4/5/2013,-0.004294896,-0.000601
4/8/2013,0.006302738,0.001452
4/9/2013,0.003544332,0.000917
4/10/2013,0.012189133,0.002154
4/11/2013,0.003552251,-0.000324
4/12/2013,-0.002836767,0.001023
4/15/2013,-0.022966291,-0.001673
4/16/2013,0.014307223,-0.000779
4/17/2013,-0.014327681,-0.00306
4/18/2013,-0.006701004,0.004739
4/19/2013,0.008847903,0.002216
4/22/2013,0.00466163,0.00131
4/23/2013,0.010419219,0.003305
4/24/2013,6.34E-06,0.005235
4/25/2013,0.004034732,-0.002045
4/26/2013,-0.001842113,-0.001491
4/29/2013,0.007186012,-0.003316
4/30/2013,0.0024849,-0.000597
5/1/2013,-0.009307884,-0.002713
5/2/2013,0.009407983,0.000852
5/3/2013,0.010534667,-0.000695
5/6/2013,0.001907779,0.000805
5/7/2013,0.00523027,0.002923
5/8/2013,0.004139081,-0.001856
5/9/2013,-0.003687104,-0.001022
5/10/2013,0.004321655,0.000151
5/13/2013,4.29E-05,-0.000824
5/14/2013,0.010142153,-0.002083
5/15/2013,0.005114136,0.000629
5/16/2013,-0.005009741,0.001484
5/17/2013,0.010300097,0.000373
5/20/2013,-0.000707618,-0.00177
5/21/2013,0.001722386,0.000889
5/22/2013,-0.008273657,0.001123
5/23/2013,-0.002923832,-0.000595
5/24/2013,-0.000551365,0.001495
5/28/2013,0.006340982,0.002485
5/29/2013,-0.007047982,0.00267
5/30/2013,0.003670344,0.003796
5/31/2013,-0.014307242,0.001861
6/3/2013,0.005935989,0.00401
6/4/2013,-0.005510807,0.000602
6/5/2013,-0.013779733,0.003114
6/6/2013,0.008490294,0.003671
6/7/2013,0.012831541,0.00075
6/10/2013,-0.000346813,0.00131
6/11/2013,-0.010153367,0.005488
6/12/2013,-0.008369555,0.000221
6/13/2013,0.014784291,-0.000237
6/14/2013,-0.005885016,-0.000429
6/17/2013,0.007567365,0.002844
6/18/2013,0.007791158,-0.000962
6/19/2013,-0.013851475,-0.000315
6/20/2013,-0.025010351,0.003981
6/21/2013,0.002669777,6.70E-05
6/24/2013,-0.012145016,0.001637
6/25/2013,0.009497272,0.004493
6/26/2013,0.009590487,0.005701
6/27/2013,0.006199831,0.002453
6/28/2013,-0.004289562,0.001172
7/1/2013,0.005403748,0.001399
7/2/2013,-0.000544908,-0.003336
7/3/2013,0.000824047,-0.001335
7/5/2013,0.010201732,-0.00048
7/8/2013,0.005251546,0.001055
7/9/2013,0.007229671,-0.002006
7/10/2013,0.000181593,0.001235
7/11/2013,0.01355425,-0.002162
7/12/2013,0.003086483,-0.001353
7/15/2013,0.00137488,-0.001113
7/16/2013,-0.003708761,0.00043
7/17/2013,0.002774047,-0.001561
7/18/2013,0.005032965,-0.000361
7/19/2013,0.00161005,0.001323
7/22/2013,0.002033026,0.000587
7/23/2013,-0.001851937,0.001472
7/24/2013,-0.003811222,-4.60E-05
7/25/2013,0.002556472,0.001639
7/26/2013,0.000828294,0.000149
7/29/2013,-0.003736038,0.001412
7/30/2013,0.000373817,0.001904
7/31/2013,-0.00013641,0.001486
8/1/2013,0.01254057,0.000634
8/2/2013,0.001640458,0.000466
8/5/2013,-0.001479835,0.000571
8/6/2013,-0.005723034,0.00103
8/7/2013,-0.003805865,0.000509
8/8/2013,0.00388545,0.000302
8/9/2013,-0.00356996,0.000974
8/12/2013,-0.001152921,0.001105
8/13/2013,0.002776056,0.002809
8/14/2013,-0.005176618,0.000806
8/15/2013,-0.014281602,0.001675
8/16/2013,-0.003304595,0.001335
8/19/2013,-0.005900302,0.001683
8/20/2013,0.003821195,0.001215
8/21/2013,-0.005779603,0.002834
8/22/2013,0.008619376,0.001727
8/23/2013,0.003947011,0.001341
8/26/2013,-0.004039658,0.000526
8/27/2013,-0.015874195,0.000303
8/28/2013,0.002747646,0.000569
8/29/2013,0.001963402,-0.000605
8/30/2013,-0.003174318,0.001092
9/3/2013,0.004164222,0.000692
9/4/2013,0.008116953,0.002235
9/5/2013,0.001209863,-0.000454
9/6/2013,5.44E-05,0.000906
9/9/2013,0.009992881,-0.001501
9/10/2013,0.007345789,-0.000883
9/11/2013,0.003052284,-0.000691
9/12/2013,-0.003380415,0.000762
9/13/2013,0.00271468,-0.000343
9/16/2013,0.005693153,-0.000359
9/17/2013,0.004217739,-0.000159
9/18/2013,0.012177673,0.000687
9/19/2013,-0.001842954,0.001765
9/20/2013,-0.007216886,0.000933
9/23/2013,-0.004719586,0.000872
9/24/2013,-0.002597143,-0.000318
9/25/2013,-0.002739466,7.80E-05
9/26/2013,0.003485426,0.002763
9/27/2013,-0.004073801,0.002801
9/30/2013,-0.006029231,0.001946
10/1/2013,0.007998543,0.000808
10/2/2013,-0.00066667,-9.80E-05
10/3/2013,-0.008979415,-0.000419
10/4/2013,0.007053224,0.002228
10/7/2013,-0.008506362,0.001052
10/8/2013,-0.012332079,-0.001713
10/9/2013,0.000573906,0.002073
10/10/2013,0.021830497,0.001083
10/11/2013,0.006286271,-0.000443
10/14/2013,0.004074721,0.00172
10/15/2013,-0.007063723,0.001822
10/16/2013,0.013827532,-0.001221
10/17/2013,0.006743953,-0.002114
10/18/2013,0.006548756,0.001358
10/21/2013,9.17E-05,0.000886
10/22/2013,0.005737513,0.003062
10/23/2013,-0.004724557,0.000203
10/24/2013,0.003258135,-0.000417
10/25/2013,0.004394844,-0.002411
10/28/2013,0.001329699,0.000457
10/29/2013,0.005584195,-0.000884
10/30/2013,-0.004875923,0.00041
10/31/2013,-0.003839381,-0.00248
11/1/2013,0.002903421,-0.000803
11/4/2013,0.003570559,0.000419
11/5/2013,-0.002805588,0.001168
11/6/2013,0.00426554,0.001724
11/7/2013,-0.013182772,0.000532
11/8/2013,0.01342756,0.000193
11/11/2013,0.000722932,-9.90E-05
11/12/2013,-0.002370392,0.000984
11/13/2013,0.008095344,0.001658
11/14/2013,0.004837259,0.002102
11/15/2013,0.004222034,-0.003535
11/18/2013,-0.003698198,0.000996
11/19/2013,-0.002042965,0.000846
11/20/2013,-0.003635611,0.001394
11/21/2013,0.008128565,0.002056
11/22/2013,0.004961458,3.70E-05
11/25/2013,-0.001263342,0.001911
11/26/2013,0.000149805,3.80E-05
11/27/2013,0.002485081,0.000778
11/29/2013,-0.000785689,-0.000824
12/2/2013,-0.002719021,-0.000584
12/3/2013,-0.003192848,0.001723
12/4/2013,-0.001303493,0.001416
12/5/2013,-0.004339573,0.001969
12/6/2013,0.011237871,0.001717
12/9/2013,0.0018171,0.001402
12/10/2013,-0.003179659,0.001057
12/11/2013,-0.011316874,0.000713
12/12/2013,-0.003770562,0.001697
12/13/2013,-0.00010141,-0.000412
12/16/2013,0.00632004,0.00224
12/17/2013,-0.003100988,0.003388
12/18/2013,0.016647964,0.00414
12/19/2013,-0.000579929,-0.000327
12/20/2013,0.004818728,-0.00167
12/23/2013,0.00531812,-0.000984
12/24/2013,0.002915747,0.001234
12/26/2013,0.00474553,0.000666
12/27/2013,-0.000336585,0.003678
12/30/2013,-0.000179254,0.000549
12/31/2013,0.003959675,0.003621
1/2/2014,-0.008861913,0.001358
1/3/2014,-0.000332965,0.002959
1/6/2014,-0.002511767,0.002091
1/7/2014,0.006081764,-0.000913
1/8/2014,-0.000212209,-0.000946
1/9/2014,0.000348309,0.000936
1/10/2014,0.002306687,0.000175
1/13/2014,-0.012576217,0.001384
1/14/2014,0.010817972,0.000773
1/15/2014,0.005166188,0.001535
1/16/2014,-0.00134712,0.00084
1/17/2014,-0.003895175,0.004263
1/21/2014,0.002773752,0.00116
1/22/2014,0.000574865,-0.002138
1/23/2014,-0.008889577,-0.000965
1/24/2014,-0.020875449,0.001982
1/27/2014,-0.004876294,0.003836
1/28/2014,0.006140652,0.00104
1/29/2014,-0.010209232,0.000869
1/30/2014,0.011267045,0.002792
1/31/2014,-0.006465299,0.00172
2/3/2014,-0.02283192,-0.00042
2/4/2014,0.007641089,-0.001281
2/5/2014,-0.002028222,0.002539
2/6/2014,0.012439793,0.00013
2/7/2014,0.013301887,0.0042
2/10/2014,0.001569235,0.003101
2/11/2014,0.011062114,0.003322
2/12/2014,-0.000269262,0.001311
2/13/2014,0.005810025,-0.003307
2/14/2014,0.004809217,0.006308
2/18/2014,0.001158474,0.000204
2/19/2014,-0.006524484,0.00397
2/20/2014,0.006031458,0.004401
2/21/2014,-0.001918723,-0.001246
2/24/2014,0.006186513,0.004355
2/25/2014,-0.001347682,-0.000394
2/26/2014,2.17E-05,0.000669
2/27/2014,0.004948083,-0.000319
2/28/2014,0.002782689,-0.001505
3/3/2014,-0.007378511,0.00082
3/4/2014,0.015267701,0.00237
3/5/2014,-5.34E-05,-0.000352
3/6/2014,0.001718408,0.001464
3/7/2014,0.000538089,0.000891
3/10/2014,-0.000463246,0.000537
3/11/2014,-0.005082139,4.50E-05
3/12/2014,0.000305171,0.001442
3/13/2014,-0.011701095,-0.000338
3/14/2014,-0.002821778,0.0041
3/17/2014,0.009613635,-0.003209
3/18/2014,0.007219619,0.000645
3/19/2014,-0.006131649,0.00064
3/20/2014,0.006040505,-0.001515
3/21/2014,-0.002932671,-0.001814
3/24/2014,-0.00486471,0.001717
3/25/2014,0.00440394,0.000993
3/26/2014,-0.007000319,0.005107
3/27/2014,-0.001900084,0.001668
3/28/2014,0.004640222,0.00246
3/31/2014,0.007924102,-0.000823
4/1/2014,0.007039349,-0.00012
4/2/2014,0.002853326,-0.001092
4/3/2014,-0.00112645,-0.000474
4/4/2014,-0.012537288,0.000216
4/7/2014,-0.010750113,-0.000983
4/8/2014,0.003750554,0.005107
4/9/2014,0.010918213,0.004711
4/10/2014,-0.020884796,0.00418
4/11/2014,-0.009486774,-0.002777
4/14/2014,0.008217286,-0.000125
4/15/2014,0.006757308,-0.000811
4/16/2014,0.010488491,-0.002237
4/17/2014,0.001363853,0.001172
4/21/2014,0.003775124,-0.002026
4/22/2014,0.004092139,0.006423
4/23/2014,-0.002213314,0.001656
4/24/2014,0.00171696,0.003953
4/25/2014,-0.008096391,0.00499
4/28/2014,0.003236036,-0.001095
4/29/2014,0.004760757,0.003501
4/30/2014,0.002992017,0.00059
5/1/2014,-0.000143261,-0.001973
5/2/2014,-0.001348445,-0.001207
5/5/2014,0.001871216,-0.002596
5/6/2014,-0.008988392,0.001083
5/7/2014,0.005616468,-0.000498
5/8/2014,-0.001373625,0.00208
5/9/2014,0.001519476,0.001859
5/12/2014,0.009672738,0.000497
5/13/2014,0.000421758,0.002772
5/14/2014,-0.004701005,-0.000601
5/15/2014,-0.009361807,0.000552
5/16/2014,0.003746965,-0.001995
5/19/2014,0.003844787,0.001555
5/20/2014,-0.006498398,0.001364
5/21/2014,0.008116099,0.001073
5/22/2014,0.00236223,0.002457
5/23/2014,0.004248392,-0.000783
5/27/2014,0.005987806,8.60E-05
5/28/2014,-0.001114072,0.000708
5/29/2014,0.00536711,-1.70E-05
5/30/2014,0.001843678,6.50E-05
6/2/2014,0.000727826,0.000957
6/3/2014,-0.000379217,0.002445
6/4/2014,0.001891664,0.002417
6/5/2014,0.00652528,0.000157
6/6/2014,0.004627758,0.000274
6/9/2014,0.000938772,-0.000908
6/10/2014,-0.000245984,0.001689
6/11/2014,-0.003537041,0.000648
6/12/2014,-0.007088894,-0.000874
6/13/2014,0.003134562,0.001094
6/16/2014,0.000836705,0.001644
6/17/2014,0.002172569,0.001239
6/18/2014,0.007718881,0.00044
6/19/2014,0.001277479,-1.70E-05
6/20/2014,0.001730059,-0.000649
6/23/2014,-0.000132464,-0.000558
6/24/2014,-0.006435311,-2.40E-05
6/25/2014,0.004897511,0.000785
6/26/2014,-0.001178884,-1.10E-05
6/27/2014,0.001910869,0.001088
6/30/2014,-0.000372257,0.001961
7/1/2014,0.006677771,-0.00033
7/2/2014,0.000658813,0.000628
7/3/2014,0.005479508,-0.000543
7/7/2014,-0.003923522,-0.001679
7/8/2014,-0.007048802,-0.000633
7/9/2014,0.004644268,-0.000188
7/10/2014,-0.004131072,-0.000475
7/11/2014,0.001470922,0.000348
7/14/2014,0.004843553,0.001802
7/15/2014,-0.001932096,-0.001578
7/16/2014,0.004201085,0.001131
7/17/2014,-0.011834026,-0.000275
7/18/2014,0.010264936,-0.000153
7/21/2014,-0.002320251,0.00294
7/22/2014,0.00501615,-0.001386
7/23/2014,0.001754438,0.001721
7/24/2014,0.000488156,0.000679
7/25/2014,-0.00484915,0.000927
7/28/2014,0.000288155,0.000719
7/29/2014,-0.004527787,0.001069
7/30/2014,6.09E-05,0.001462
7/31/2014,-0.01999924,0.000479
8/1/2014,-0.002859121,0.004593
8/4/2014,0.007189032,0.00029
8/5/2014,-0.00968547,0.002026
8/6/2014,1.56E-05,0.002209
8/7/2014,-0.00555662,0.001745
8/8/2014,0.011531403,0.001555
8/11/2014,0.002759425,0.004934
8/12/2014,-0.001636642,-0.00045
8/13/2014,0.00670716,0.002621
8/14/2014,0.004345814,0.003767
8/15/2014,-6.14E-05,0.000615
8/18/2014,0.008531672,0.004102
8/19/2014,0.005000652,0.001869
8/20/2014,0.002477813,0.001532
8/21/2014,0.002949889,-0.000684
8/22/2014,-0.001992587,0.002359
8/25/2014,0.004787779,0.000481
8/26/2014,0.001051081,0.000651
8/27/2014,5.00E-05,0.000242
8/28/2014,-0.001689901,0.000788
8/29/2014,0.003320415,0.002082
9/2/2014,-0.000544066,8.90E-05
9/3/2014,-0.000779141,0.001255
9/4/2014,-0.001534421,-0.000396
9/5/2014,0.005035886,0.00165
9/8/2014,-0.003073114,-0.000624
9/9/2014,-0.006545009,0.000893
9/10/2014,0.003646074,8.30E-05
9/11/2014,0.000881906,-0.000836
9/12/2014,-0.005962558,0.003152
9/15/2014,-0.000710151,0.000818
9/16/2014,0.007484376,0.002257
9/17/2014,0.001295644,0.000232
9/18/2014,0.00489118,0.000485
9/19/2014,-0.00047727,0.000364
9/22/2014,-0.008013323,0.001977
9/23/2014,-0.005776501,0.000637
9/24/2014,0.007832491,0.0014
9/25/2014,-0.016168773,0.003517
9/26/2014,0.008575825,0.00088
9/29/2014,-0.002546802,0.000526
9/30/2014,-0.002785929,0.0032
10/1/2014,-0.013248561,0.00152
10/2/2014,5.14E-06,-0.001961
10/3/2014,0.011165509,-0.000766
10/6/2014,-0.00156516,0.002432
10/7/2014,-0.015126053,-0.000401
10/8/2014,0.01746165,0.007079
10/9/2014,-0.020661415,0.001781
10/10/2014,-0.011451012,0.004074
10/13/2014,-0.01646793,0.007121
10/14/2014,0.001578865,-0.000851
10/15/2014,-0.008100315,-0.002301
10/16/2014,0.000144978,-0.002262
10/17/2014,0.012884107,0.001791
10/20/2014,0.009142657,0.00177
10/21/2014,0.019574487,-0.007305
10/22/2014,-0.00729933,0.005985
10/23/2014,0.012303377,-0.001423
10/24/2014,0.00705345,0.004109
10/27/2014,-0.001501568,-0.003177
10/28/2014,0.011939073,0.005183
10/29/2014,-0.001385355,-0.004092
10/30/2014,0.006230124,-0.000472
10/31/2014,0.011731394,0.002507
11/3/2014,-0.000118922,-0.006668
11/4/2014,-0.002829842,0.007646
11/5/2014,0.005700497,0.000346
11/6/2014,0.003775513,-0.000703
11/7/2014,0.000349586,0.000145
11/10/2014,0.003120185,0.002121
11/11/2014,0.000696694,-0.001138
11/12/2014,-0.000701117,0.002624
11/13/2014,0.000529845,0.000824
11/14/2014,0.00024027,-0.001605
11/17/2014,0.000735359,0.003422
11/18/2014,0.005133984,-0.002677
11/19/2014,-0.001501159,-0.001041
11/20/2014,0.001967096,0.001803
11/21/2014,0.005236877,-0.001118
11/24/2014,0.002864023,-0.001735
11/25/2014,-0.00115003,0.001353
11/26/2014,0.002805982,-0.000758
11/28/2014,-0.002542427,-0.000727
12/1/2014,-0.006829363,0.002314
12/2/2014,0.006384461,-0.001201
12/3/2014,0.003764743,-0.000288
12/4/2014,-0.001161896,0.000509
12/5/2014,0.001665216,0.000566
12/8/2014,-0.007256565,-0.000351
12/9/2014,-0.000237824,0.00268
12/10/2014,-0.016350968,-0.000789
12/11/2014,0.004535689,-0.001408
12/12/2014,-0.016213587,0.002252
12/15/2014,-0.006342587,-0.001201
12/16/2014,-0.008489023,0.001733
12/17/2014,0.020352416,0.000244
12/18/2014,0.024015204,-0.000541
12/19/2014,0.004570049,0.002592
12/22/2014,0.003810464,0.005445
12/23/2014,0.001746362,0.003007
12/24/2014,-0.000139297,0.000432
12/26/2014,0.003309575,-0.002698
12/29/2014,0.000861774,-0.007108
12/30/2014,-0.004888604,0.000717
12/31/2014,-0.010310859,-0.001661
1/2/2015,-0.000339964,0.000788
1/5/2015,-0.018278105,0.000299
1/6/2015,-0.008893472,0.000703
1/7/2015,0.011629843,-0.001922
1/8/2015,0.017888281,-0.001063
1/9/2015,-0.008403811,0.004345
1/12/2015,-0.008093685,0.00245
1/13/2015,-0.002578555,0.003127
1/14/2015,-0.005813067,0.000922
1/15/2015,-0.009247876,-0.001
1/16/2015,0.013424199,0.003517
1/20/2015,0.001549952,0.005018
1/21/2015,0.004731624,0.001445
1/22/2015,0.015269722,-0.000286
1/23/2015,-0.005491522,0.002436
1/26/2015,0.002568461,0.000774
1/27/2015,-0.013387862,-0.001124
1/28/2015,-0.01349561,0.001415
1/29/2015,0.009534685,-0.000346
1/30/2015,-0.012991965,-0.002756
2/2/2015,0.012962464,0.002337
2/3/2015,0.014439495,0.001503
2/4/2015,-0.004156046,0.002257
2/5/2015,0.010291407,0.005015
2/6/2015,-0.003418172,0.002124
2/9/2015,-0.004247195,-0.000417
2/10/2015,0.010675561,0.000975
2/11/2015,-2.90E-05,-0.003977
2/12/2015,0.009644506,0.003865
2/13/2015,0.004074739,0.000854
2/17/2015,0.001597575,-0.001573
2/18/2015,-0.000314309,0.002157
2/19/2015,-0.001062058,-0.003439
2/20/2015,0.006126534,-0.000704
2/23/2015,-0.000303339,0.000402
2/24/2015,0.002758771,-0.001016
2/25/2015,-0.000765724,0.001206
2/26/2015,-0.001476028,-0.000353
2/27/2015,-0.002956304,-0.000185
3/2/2015,0.006124919,-0.001904
3/3/2015,-0.004538542,0.001743
3/4/2015,-0.004388503,-0.000378
3/5/2015,0.00119608,-0.00135
3/6/2015,-0.014173946,0.000682
3/9/2015,0.003944421,-0.000437
3/10/2015,-0.01696133,-0.000291
3/11/2015,-0.00191768,0.001428
3/12/2015,0.01260144,0.002156
3/13/2015,-0.006074711,-0.001919
3/16/2015,0.013533671,0.005554
3/17/2015,-0.003320174,0.00059
3/18/2015,0.012158422,0.002736
3/19/2015,-0.004872579,0.004108
3/20/2015,0.009012755,-0.002957
3/23/2015,-0.001745731,0.003212
3/24/2015,-0.006139422,-0.00101
3/25/2015,-0.014558906,0.002244
3/26/2015,-0.0023775,-0.001176
3/27/2015,0.002368562,-0.001179
3/30/2015,0.012236645,-0.000614
3/31/2015,-0.008795775,0.000637
4/1/2015,-0.003965372,0.005424
4/2/2015,0.003529667,0.000882
4/6/2015,0.006608815,-0.002669
4/7/2015,-0.002061904,-0.000767
4/8/2015,0.002682533,0.003151
4/9/2015,0.004457481,0.002934
4/10/2015,0.005202865,0.002172
4/13/2015,-0.004581281,-0.00166
4/14/2015,0.001629759,0.000733
4/15/2015,0.005148196,0.001779
4/16/2015,-0.000778444,0.001275
4/17/2015,-0.011311245,0.001004
4/20/2015,0.009235131,0.001115
4/21/2015,-0.001480605,-0.001806
4/22/2015,0.00508748,0.000781
4/23/2015,0.002357716,0.000466
4/24/2015,0.0022528,0.001795
4/27/2015,-0.004141314,0.000314
4/28/2015,0.002769232,-0.000468
4/29/2015,-0.003740336,-0.001028
4/30/2015,-0.010128907,0.002677
5/1/2015,0.010923002,-0.000838
5/4/2015,0.002940749,-0.000852
5/5/2015,-0.011837384,0.001344
5/6/2015,-0.004455725,0.002325
5/7/2015,0.003773814,-0.000135
5/8/2015,0.013457901,3.80E-05
5/11/2015,-0.005089561,-0.001502
5/12/2015,-0.002949638,0.002699
5/13/2015,-0.000304955,0.005855
5/14/2015,0.010779287,-0.001637
5/15/2015,0.000768414,-0.003509
5/18/2015,0.003047948,0.001693
5/19/2015,-0.000643375,0.002546
5/20/2015,-0.000930516,0.002933
5/21/2015,0.002337874,0.007266
5/22/2015,-0.002233886,0.002948
5/26/2015,-0.01028198,-0.000418
5/27/2015,0.009162641,0.00179
5/28/2015,-0.001266761,-0.001636
5/29/2015,-0.006318469,0.000964
6/1/2015,0.002059461,-0.000325
6/2/2015,-0.001008596,0.000241
6/3/2015,0.002118871,0.00232
6/4/2015,-0.008623167,-0.000854
6/5/2015,-0.001436183,0.001028
6/8/2015,-0.00647451,0.002569
6/9/2015,0.000418353,-0.000318
6/10/2015,0.012042425,6.50E-05
6/11/2015,0.001738626,0.000995
6/12/2015,-0.0069943,0.002335
6/15/2015,-0.004622572,0.002558
6/16/2015,0.005689856,0.000288
6/17/2015,0.001979641,-0.000642
6/18/2015,0.009902711,-0.001257
6/19/2015,-0.005303502,0.003094
6/22/2015,0.006094867,0.00378
6/23/2015,0.000635868,-0.001221
6/24/2015,-0.007353297,-0.001
6/25/2015,-0.002973574,0.000162
6/26/2015,-0.00039008,-0.000328
6/29/2015,-0.020866194,0.000883
6/30/2015,0.002658489,0.001423
7/1/2015,0.00693604,-0.002685
7/2/2015,-0.000308023,0.000718
7/6/2015,-0.003861757,0.003164
7/7/2015,0.006080975,0.001844
7/8/2015,-0.016652749,0.002616
7/9/2015,0.002262203,0.002274
7/10/2015,0.012338485,-0.00134
7/13/2015,0.011066049,0.00284
7/14/2015,0.004453159,0.003078
7/15/2015,-0.000734986,0.002569
7/16/2015,0.008014681,0.00136
7/17/2015,0.001106183,-0.001252
7/20/2015,0.000771234,-0.002219
7/21/2015,-0.004261689,0.001341
7/22/2015,-0.00238771,1.10E-05
7/23/2015,-0.00567604,-0.000742
7/24/2015,-0.010703328,-0.001147
7/27/2015,-0.005775015,-0.001054
7/28/2015,0.012386154,7.80E-05
7/29/2015,0.007318795,2.00E-05
7/30/2015,2.84E-05,0.001536
7/31/2015,-0.00227152,0.001943
8/3/2015,-0.002756887,0.001559
8/4/2015,-0.002249705,-0.000361
8/5/2015,0.003114679,-0.000488
8/6/2015,-0.007752985,0.000857
8/7/2015,-0.002874883,0.00223
8/10/2015,0.012808167,0.000497
8/11/2015,-0.009557103,-0.000747
8/12/2015,0.000950055,-0.000521
8/13/2015,-0.001275212,0.001611
8/14/2015,0.003911964,0.001951
8/17/2015,0.005211424,0.000521
8/18/2015,-0.00262553,-0.00058
8/19/2015,-0.008254877,0.001817
8/20/2015,-0.02110017,0.002061
8/21/2015,-0.031850965,5.90E-05
8/24/2015,-0.039413693,-0.000583
8/25/2015,-0.013521995,-0.006333
8/26/2015,0.039033859,-0.002977
8/27/2015,0.024297748,0.009922
8/28/2015,0.000608736,0.015702
8/31/2015,-0.00839167,0.005801
9/1/2015,-0.029576447,-0.004756
9/2/2015,0.018292975,-0.012116
9/3/2015,0.001164794,0.00644
9/4/2015,-0.015329596,0.009829
9/8/2015,0.025083053,0.003979
9/9/2015,-0.01389756,-0.001457
9/10/2015,0.005277955,-0.004768
9/11/2015,0.004487043,-0.002021
9/14/2015,-0.004089656,-0.003426
9/15/2015,0.012831312,0.008713
9/16/2015,0.008705414,-0.002637
9/17/2015,-0.00256106,-0.003933
9/18/2015,-0.016164166,0.002083
9/21/2015,0.004565784,-0.001875
9/22/2015,-0.01231843,0.000912
9/23/2015,-0.002048643,-0.000758
9/24/2015,-0.003362985,0.00384
9/25/2015,-0.000465793,-0.00386
9/28/2015,-0.02566609,0.006175
9/29/2015,0.001232853,-0.000641
9/30/2015,0.019075556,0.000607
10/1/2015,0.001973884,0.000295
10/2/2015,0.014315289,0.01121
10/5/2015,0.018289841,-0.002705
10/6/2015,-0.003588236,-0.002928
10/7/2015,0.008035634,0.002591
10/8/2015,0.008818436,-0.003711
10/9/2015,0.000725111,-0.007402
10/12/2015,0.001275477,0.003744
10/13/2015,-0.006825424,0.001076
10/14/2015,-0.004716274,-0.005792
10/15/2015,0.014852774,-0.003212
10/16/2015,0.004570474,0.001241
10/19/2015,0.000270546,0.002813
10/20/2015,-0.00142109,-0.001787
10/21/2015,-0.005825415,-0.0033
10/22/2015,0.016627572,-0.002143
10/23/2015,0.011030344,0.00152
10/26/2015,-0.0019131,-0.000202
10/27/2015,-0.002554119,-0.00161
10/28/2015,0.011840033,-0.004878
10/29/2015,-0.000449774,-0.00113
10/30/2015,-0.004809877,-0.002127
11/2/2015,0.011873817,-0.001425
11/3/2015,0.002728067,-0.001716
11/4/2015,-0.003545367,-0.000334
11/5/2015,-0.001132148,-0.000871
11/6/2015,-0.000347622,-0.005308
11/9/2015,-0.009822729,0.000211
11/10/2015,0.001510595,0.002096
11/11/2015,-0.003228086,0.000319
11/12/2015,-0.013990375,-0.001401
11/13/2015,-0.011207365,0.002282
11/16/2015,0.014903265,-0.000234
11/17/2015,-0.001339379,0.002314
11/18/2015,0.016162452,0.002485
11/19/2015,-0.001123109,0.004227
11/20/2015,0.003810196,-0.004609
11/23/2015,-0.001234861,0.001274
11/24/2015,0.001221996,-0.001427
11/25/2015,-0.000129133,-0.000423
11/27/2015,0.000593618,-0.000599
11/30/2015,-0.004640997,-5.20E-05
12/1/2015,0.010680574,-0.000389
12/2/2015,-0.010995693,-0.002399
12/3/2015,-0.014373527,0.000413
12/4/2015,0.020525669,-0.001641
12/7/2015,-0.006989503,0.001827
12/8/2015,-0.006489901,-0.000426
12/9/2015,-0.007738985,0.004156
12/10/2015,0.002251387,-0.005756
12/11/2015,-0.019422767,0.003907
12/14/2015,0.00475556,0.001113
12/15/2015,0.010618561,0.00286
12/16/2015,0.014514969,-0.002115
12/17/2015,-0.015040521,0.003652
12/18/2015,-0.01779722,-0.000724
12/21/2015,0.007778402,-0.002434
12/22/2015,0.008816736,0.002117
12/23/2015,0.012418068,0.0024
12/24/2015,-0.001598636,0.002444
12/28/2015,-0.00217856,-0.002999
12/29/2015,0.010629763,-0.00145
12/30/2015,-0.007217229,-0.001855
12/31/2015,-0.009411913,-0.001811
1/4/2016,-0.015303731,0.000587
1/5/2016,0.002012226,0.000966
1/6/2016,-0.013115397,0.0038
1/7/2016,-0.023700443,-0.000785
1/8/2016,-0.010838375,0.001912
1/11/2016,0.000853272,0.002855
1/12/2016,0.007802799,0.006096
1/13/2016,-0.024965453,0.005257
1/14/2016,0.016695906,-0.001184
1/15/2016,-0.021599098,0.00617
1/19/2016,0.000531822,0.001003
1/20/2016,-0.011693855,0.006004
1/21/2016,0.005195438,-0.003024
1/22/2016,0.020283701,0.005168
1/25/2016,-0.015637982,0.001935
1/26/2016,0.014144336,-0.000388
1/27/2016,-0.010863484,-0.005
1/28/2016,0.005528577,0.002247
1/29/2016,0.024760217,0.002314
2/1/2016,-0.000443236,-0.007044
2/2/2016,-0.018743091,0.003432
2/3/2016,0.004992039,-0.003094
2/4/2016,0.001526733,-0.000568
2/5/2016,-0.018481246,-0.002891
2/8/2016,-0.014153936,0.004729
2/9/2016,-0.00066362,-0.000943
2/10/2016,-0.000188951,0.000201
2/11/2016,-0.012301162,0.003032
2/12/2016,0.019518049,-0.001419
2/16/2016,0.016516654,0.001174
2/17/2016,0.016480439,0.001277
2/18/2016,-0.004665714,-0.000653
2/19/2016,-2.60E-05,-0.003213
2/22/2016,0.014454197,0.001463
2/23/2016,-0.012454372,-0.001392
2/24/2016,0.004439787,-0.003267
2/25/2016,0.011348275,-0.003256
2/26/2016,-0.001870114,-0.002422
2/29/2016,-0.008120977,-0.004879
3/1/2016,0.023868792,-0.003948
3/2/2016,0.004094308,0.000269
3/3/2016,0.003498741,-0.002176
3/4/2016,0.003305892,-0.00027
3/7/2016,0.000885014,-0.001688
3/8/2016,-0.011240109,-0.000735
3/9/2016,0.005052393,-0.002677
3/10/2016,0.000155805,0.0003
3/11/2016,0.0163955,-0.000251
3/14/2016,-0.001260973,0.001092
3/15/2016,-0.001836942,-0.004672
3/16/2016,0.005600352,0.000894
3/17/2016,0.006595236,-0.001195
3/18/2016,0.004405644,0.000588
3/21/2016,0.000985577,5.00E-06
3/22/2016,-0.000877388,0.001281
3/23/2016,-0.006386032,-0.002549
3/24/2016,-0.000378071,-0.000609
3/28/2016,0.000545256,-0.001891
3/29/2016,0.008816652,0.001658
3/30/2016,0.004350315,0.000418
3/31/2016,-0.002039759,-0.000198
4/1/2016,0.006330915,-0.001908
4/4/2016,-0.003208322,0.00012
4/5/2016,-0.010144492,-0.000688
4/6/2016,0.010507619,0.000774
4/7/2016,-0.011975787,0.001368
4/8/2016,0.002786578,-0.00175
4/11/2016,-0.002739786,0.000888
4/12/2016,0.009662134,-0.001475
4/13/2016,0.010040137,0.001073
4/14/2016,0.000172927,-0.000751
4/15/2016,-0.000984285,0.000563
4/18/2016,0.006541026,-0.000458
4/19/2016,0.003084485,6.20E-05
4/20/2016,0.000761545,-0.001902
4/21/2016,-0.005194027,0.002234
4/22/2016,4.79E-05,-0.001842
4/25/2016,-0.001812046,0.000297
4/26/2016,0.001872752,-0.002191
4/27/2016,0.001649353,0.000834
4/28/2016,-0.009230768,0.000577
4/29/2016,-0.005063088,0.000656
5/2/2016,0.007809947,-0.001326
5/3/2016,-0.008676638,0.000609
5/4/2016,-0.005936889,-0.000437
5/5/2016,-0.000239008,0.003664
5/6/2016,0.003174639,-0.001119
5/9/2016,0.000753497,0.000625
5/10/2016,0.012483644,-0.001859
5/11/2016,-0.009561518,0.003095
5/12/2016,-0.000169465,-0.000979
5/13/2016,-0.008478289,0.000777
5/16/2016,0.009796653,-0.002735
5/17/2016,-0.009411297,0.002851
5/18/2016,0.000205179,-0.001679
5/19/2016,-0.003706708,0.001629
5/20/2016,0.006019504,-0.002619
5/23/2016,-0.002085459,0.000237
5/24/2016,0.013681383,-0.001153
5/25/2016,0.00697474,0.0046
5/26/2016,-0.000210444,-0.001647
5/27/2016,0.004286857,-0.000996
5/31/2016,-0.001005263,-0.002139
6/1/2016,0.001135042,0.00111
6/2/2016,0.002824678,-0.00092
6/3/2016,-0.002911815,0.000445
6/6/2016,0.004897281,-0.001247
6/7/2016,0.001289446,-0.00052
6/8/2016,0.003309566,-0.001233
6/9/2016,-0.001717759,0.00141
6/10/2016,-0.009175181,-4.40E-05
6/13/2016,-0.008115191,-0.000191
6/14/2016,-0.001798886,0.000142
6/15/2016,-0.001840713,0.000427
6/16/2016,0.003132991,0.000303
6/17/2016,-0.003257965,0.001472
6/20/2016,0.005808185,-0.000282
6/21/2016,0.002712061,0.00018
6/22/2016,-0.001651564,-0.000202
6/23/2016,0.013364079,0.002229
6/24/2016,-0.0359198,0.001431
6/27/2016,-0.018096502,-0.001199
6/28/2016,0.017770165,-0.000895
6/29/2016,0.017032673,-0.00058
6/30/2016,0.013565044,-0.004601
7/1/2016,0.001948602,0.007454
7/5/2016,-0.006847477,0.001571
7/6/2016,0.005352963,0.000196
7/7/2016,-0.000871578,0.003866
7/8/2016,0.015253349,-0.003443
7/11/2016,0.003408616,0.001775
7/12/2016,0.007009293,-0.003264
7/13/2016,0.000134768,-0.003818
7/14/2016,0.005259204,-0.002747
7/15/2016,-0.000928947,0.001084
7/18/2016,0.002382295,-0.000599
7/19/2016,-0.001435174,0.001423
7/20/2016,0.004270301,-0.001654
7/21/2016,-0.003612529,-0.000235
7/22/2016,0.004553965,-0.000819
7/25/2016,-0.003011475,0.000987
7/26/2016,0.000322785,-0.000867
7/27/2016,-0.001198542,0.000674
7/28/2016,0.001606209,-0.00029
7/29/2016,0.001631309,0.000936
8/1/2016,-0.001269787,-0.000343
8/2/2016,-0.00636162,0.000298
8/3/2016,0.003133943,-0.000243
8/4/2016,0.000212572,0.000747
8/5/2016,0.008603496,-0.000372
8/8/2016,-0.000907165,0.001368
8/9/2016,0.000389794,-0.001713
8/10/2016,-0.002864686,0.000576
8/11/2016,0.004734588,-0.000186
8/12/2016,-0.000796046,0.000454
8/15/2016,0.002792909,0.001046
8/16/2016,-0.005479077,0.000665
8/17/2016,0.00186859,-0.001084
8/18/2016,0.002199617,0.000111
8/19/2016,-0.001440272,-0.000938
8/22/2016,-0.000563323,1.70E-05
8/23/2016,0.001951769,0.000928
8/24/2016,-0.005240277,0.000843
8/25/2016,-0.001365227,-0.000332
8/26/2016,-0.001578817,0.001242
8/29/2016,0.005228047,0.000589
8/30/2016,-0.001953681,-3.10E-05
8/31/2016,-0.002375864,-0.000169
9/1/2016,-4.14E-05,0.001552
9/2/2016,0.004201041,0.001138
9/6/2016,0.002981679,0.000181
9/7/2016,-0.000146385,0.001261
9/8/2016,-0.002223014,0.000973
9/9/2016,-0.024522069,0.000214
9/12/2016,0.014677053,0.001166
9/13/2016,-0.014830674,0.000517
9/14/2016,-0.000587677,0.000838
9/15/2016,0.010109273,-0.000668
9/16/2016,-0.003772295,0.000749
9/19/2016,-1.86E-05,0.000372
9/20/2016,0.000299138,0.001658
9/21/2016,0.010917162,0.003055
9/22/2016,0.006499785,0.000246
9/23/2016,-0.005736775,-0.001579
9/26/2016,-0.008587762,-0.000223
9/27/2016,0.00644417,0.002966
9/28/2016,0.005296554,-0.002127
9/29/2016,-0.009321411,-0.000211
9/30/2016,0.007967969,0.002984
10/3/2016,-0.003260696,0.000102
10/4/2016,-0.004955562,-0.000423
10/5/2016,0.004296691,-0.000601
10/6/2016,0.00048156,0.002071
10/7/2016,-0.003253484,0.001974
10/10/2016,0.004605905,-0.000742
10/11/2016,-0.012446472,-0.00074
10/12/2016,0.001146589,0.001181
10/13/2016,-0.003099264,0.001387
10/14/2016,0.000201604,0.00049
10/17/2016,-0.003037994,0.000629
10/18/2016,0.006160403,-0.000866
10/19/2016,0.002191971,-0.000374
10/20/2016,-0.001375724,0.001567
10/21/2016,-8.41E-05,0.000231
10/24/2016,0.00474984,0.001015
10/25/2016,-0.003797728,0.000915
10/26/2016,-0.001740411,-0.0017
10/27/2016,-0.002986727,-8.90E-05
10/28/2016,-0.003108299,0.000429
10/31/2016,-0.000122277,-0.001212
11/1/2016,-0.006786883,-0.002639
11/2/2016,-0.006525501,0.001972
11/3/2016,-0.004423401,0.000112
11/4/2016,-0.001666131,-0.002578
11/7/2016,0.022223544,0.000267
11/8/2016,0.003771974,-0.001495
11/9/2016,0.011077021,-0.002749
11/10/2016,0.001950746,-0.001312
11/11/2016,-0.00139795,0.001112
11/14/2016,-0.000115503,0.000795
11/15/2016,0.007480798,-5.30E-05
11/16/2016,-0.001582264,-0.000261
11/17/2016,0.00467637,-0.002071
11/18/2016,-0.002386798,-0.003682
11/21/2016,0.007461401,0.001777
11/22/2016,0.002165432,-0.000195
11/23/2016,0.000808025,0.0025
11/25/2016,0.003914387,0.002583
11/28/2016,-0.005254536,-0.000511
11/29/2016,0.001335293,-0.001629
11/30/2016,-0.002653404,0.000932
12/1/2016,-0.003515529,0.001243
12/2/2016,0.000397006,0.00123
12/5/2016,0.005821305,-0.000122
12/6/2016,0.003410888,-0.001708
12/7/2016,0.013163242,0.001007
12/8/2016,0.002159343,0.000456
12/9/2016,0.005938985,-0.000224
12/12/2016,-0.001137435,-0.001195
12/13/2016,0.006539775,-0.000336
12/14/2016,-0.008117172,-0.00046
12/15/2016,0.003883228,0.000408
12/16/2016,-0.001750623,-0.001514
12/19/2016,0.001975121,0.000374
12/20/2016,0.003637512,0.000903
12/21/2016,-0.002457361,0.001774
12/22/2016,-0.001862974,0.00251
12/23/2016,0.001251715,-0.00011
12/27/2016,0.002248373,-0.000293
12/28/2016,-0.008356529,0.000625
12/29/2016,-0.000293305,0.000532
12/30/2016,-0.00463705,-0.00066
1/3/2017,0.008486575,0.001099
1/4/2017,0.005722274,0.000387
1/5/2017,-0.00077067,0.001706
1/6/2017,0.003516959,0.002242
1/9/2017,-0.003548594,-0.000266
1/11/2017,0.002829638,0.00027
1/12/2017,-0.002144809,0.002595
1/13/2017,0.001849841,0.000152
1/17/2017,-0.002967503,-0.001321
1/18/2017,0.001763754,0.000467
1/19/2017,-0.003609309,-0.000216
1/20/2017,0.003366238,0.004541
1/23/2017,-0.002690125,0.001567
1/24/2017,0.006564594,0.002214
1/25/2017,0.008026091,-0.000372
1/26/2017,-0.000735384,0.000534
1/27/2017,-0.000866464,2.50E-05
1/30/2017,-0.006009543,0.000644
1/31/2017,-0.000889905,-0.000336
2/1/2017,0.000298364,0.001493
2/2/2017,0.000570309,0.001741
2/3/2017,0.007264758,0.002445
2/6/2017,-0.002115357,0.001018
2/7/2017,0.000226829,0.001426
2/8/2017,0.000693322,0.002458
2/9/2017,0.005752546,0.000965
2/10/2017,0.00356605,0.000361
2/13/2017,0.005245845,2.50E-05
2/14/2017,0.004007335,-0.001121
2/15/2017,0.004992309,3.10E-05
2/16/2017,-0.000864118,-0.001171
2/17/2017,0.001678556,0.001438
2/21/2017,0.006048066,3.20E-05
2/22/2017,-0.0010822,-7.50E-05
2/23/2017,0.000418987,0.000871
2/24/2017,0.001493364,0.000369
2/27/2017,0.001017983,0.000459
2/28/2017,-0.002578376,0.000822
3/1/2017,0.013673855,0.000528
3/2/2017,-0.00585988,-0.001128
3/3/2017,0.000503877,0.001712
3/6/2017,-0.003277241,-0.001944
3/7/2017,-0.002913374,0.001037
3/8/2017,-0.002284216,0.001588
3/9/2017,0.000799895,0.001983
3/10/2017,0.00326867,5.30E-05
3/13/2017,0.000366633,0.001011
3/14/2017,-0.003379027,-0.002416
3/15/2017,0.008374753,0.001487
3/16/2017,-0.00162671,-8.60E-05
3/17/2017,-0.001314315,-0.001112
3/20/2017,-0.002009893,0.000525
3/21/2017,-0.012407973,-0.000797
3/22/2017,0.001889886,0.001196
3/23/2017,-0.00106027,0.002087
3/24/2017,-0.000843996,0.002358
3/27/2017,-0.001019587,0.000959
3/28/2017,0.007251474,-0.000518
3/29/2017,0.001085325,5.70E-05
3/30/2017,0.00293511,0.002335
3/31/2017,-0.002255048,-0.001439
4/3/2017,-0.001642126,-0.0001
4/4/2017,0.000559522,-0.000924
4/5/2017,-0.003054861,0.001794
4/6/2017,0.001929509,0.002302
4/7/2017,-0.00082713,0.001468
4/10/2017,0.000687686,0.000928
4/11/2017,-0.001433879,0.001098
4/12/2017,-0.003759951,0.001827
4/13/2017,-0.006814694,0.001171
4/17/2017,0.008613349,0.000422
4/18/2017,-0.00290338,-0.000641
4/19/2017,-0.001716351,0.002415
4/20/2017,0.007557263,-0.000128
4/21/2017,-0.003035073,-0.000474
4/24/2017,0.010840069,0.001741
4/25/2017,0.006090687,1.30E-05
4/26/2017,-0.000485703,-0.000157
4/27/2017,0.00055292,0.0007
4/28/2017,-0.001913147,-0.001667
5/1/2017,0.001732291,-0.00024
5/2/2017,0.00118905,0.002739
5/3/2017,-0.001271361,-0.000484
5/4/2017,0.000582103,0.001042
5/5/2017,0.004088695,0.000437
5/8/2017,3.74E-05,-9.90E-05
5/9/2017,-0.001025249,0.002145
5/10/2017,0.001130601,-0.000417
5/11/2017,-0.002162809,-0.000681
5/12/2017,-0.001478441,0.000879
5/15/2017,0.004776514,0.001232
5/16/2017,-0.000686897,0.000401
5/17/2017,-0.018178215,0.001238
5/18/2017,0.003686819,0.001455
5/19/2017,0.0067675,-0.00043
5/22/2017,0.005160132,0.002763
5/23/2017,0.001837872,0.00267
5/24/2017,0.002489127,-0.000811
5/25/2017,0.004441948,-0.001778
5/26/2017,0.00031055,0.00041
5/30/2017,-0.001204624,0.000421
5/31/2017,-0.000459969,0.001533
6/1/2017,0.007571113,-0.001532
6/2/2017,0.003707731,-0.000851
6/5/2017,-0.001217665,0.002765
6/6/2017,-0.00277904,-0.002325
6/7/2017,0.001568257,-0.000909
6/8/2017,0.000267205,9.60E-05
6/9/2017,-0.000829989,0.002045
6/12/2017,-0.000978763,0.000592
6/13/2017,0.004511505,0.001956
6/14/2017,-0.000995831,0.001556
6/15/2017,-0.002239598,0.000279
6/16/2017,0.000283639,0.000136
6/19/2017,0.008347229,0.000363
6/20/2017,-0.006696638,0.000572
6/21/2017,-0.000582644,0.002427
6/22/2017,-0.000455782,0.000442
6/23/2017,0.001560916,0.001237
6/26/2017,0.000315802,-7.60E-05
6/27/2017,-0.008072825,-0.000128
6/28/2017,0.008808066,0.001401
6/29/2017,-0.008600023,0.000357
6/30/2017,0.001533232,0.001765
7/3/2017,0.002310834,-0.000755
7/5/2017,0.001453279,0.001034
7/6/2017,-0.009368824,0.001498
7/7/2017,0.006403126,0.001812
7/10/2017,0.000927766,-0.002396
7/11/2017,-0.000782681,0.001464
7/12/2017,0.007305608,0.001665
7/13/2017,0.001874584,-0.001631
7/14/2017,0.004673503,0.001515
7/17/2017,-5.29E-05,-0.000876
7/18/2017,0.000597857,0.000286
7/19/2017,0.005372639,0.000474
7/20/2017,-0.000153659,-0.001441
7/21/2017,-0.000367872,-0.00113
7/24/2017,-0.001063735,0.001566
7/25/2017,0.002923172,0.001351
7/26/2017,0.000282664,-0.001305
7/27/2017,-0.000972688,0.002081
7/28/2017,-0.001341115,0.000796
7/31/2017,-0.000728146,0.001731
8/1/2017,0.002449115,0.00033
8/2/2017,0.000492648,-0.001095
8/3/2017,-0.002183654,0.00143
8/4/2017,0.001889104,0.001127
8/7/2017,0.0016472,0.000967
8/8/2017,-0.002414433,-4.00E-06
8/9/2017,-0.000363609,0.001721
8/10/2017,-0.014474442,0.000904
8/11/2017,0.00127557,0.002653
8/14/2017,0.010043755,-0.001232
8/15/2017,-0.000498808,-0.001922
8/16/2017,0.001420103,0.004909
8/17/2017,-0.015436952,0.001332
8/18/2017,-0.001835367,0.002497
8/21/2017,0.001162651,0.001967
8/22/2017,0.00994078,0.000499
8/23/2017,-0.003453593,-0.000141
8/24/2017,-0.002074462,0.000984
8/25/2017,0.001672869,-0.000673
8/28/2017,0.000487072,0.000696
8/29/2017,0.000842822,0.003953
8/30/2017,0.004615149,0.001034
8/31/2017,0.005720976,-0.004007
9/1/2017,0.001982541,-0.003032
9/5/2017,-0.007550807,-0.000951
9/6/2017,0.003128727,-0.001325
9/7/2017,-0.000178436,0.001008
9/8/2017,-0.001488851,0.001486
9/11/2017,0.010839299,0.001318
9/12/2017,0.003363948,1.90E-05
9/13/2017,0.000757121,0.000753
9/14/2017,-0.001100718,0.00042
9/15/2017,0.001847181,0.00061
9/18/2017,0.001455921,0.001446
9/19/2017,0.001110195,0.000778
9/20/2017,0.000634348,-0.000412
9/21/2017,-0.003045917,0.00058
9/22/2017,0.000647794,0.000562
9/25/2017,-0.00222205,0.000241
9/26/2017,7.22E-05,0.000613
9/27/2017,0.004085144,0.000588
9/28/2017,0.001204616,0.000583
9/29/2017,0.00370511,0.000625
10/2/2017,0.003874004,0.000608
10/3/2017,0.002158838,-0.000454
10/4/2017,0.00124672,0.000665
10/5/2017,0.005646787,-0.001139
10/6/2017,-0.001073634,-0.00072
10/9/2017,-0.001804434,0.001666
10/10/2017,0.002322413,-0.000357
10/11/2017,0.001803507,0.000833
10/12/2017,-0.001686753,0.00127
10/13/2017,0.000878107,0.001165
10/16/2017,0.001750753,-0.00036
10/17/2017,0.000672579,0.000607
10/18/2017,0.000742335,0.00118
10/19/2017,0.000327998,-0.000131
10/20/2017,0.005116843,0.001275
10/23/2017,-0.003972484,0.000777
10/24/2017,0.001617909,0.00113
10/25/2017,-0.00466305,-0.000626
10/26/2017,0.001270946,0.001059
10/27/2017,0.008073022,0.000562
10/30/2017,-0.00319247,-0.00218
10/31/2017,0.000944459,0.001532
11/1/2017,0.00159211,0.000801
11/2/2017,0.000189966,0.000834
11/3/2017,0.003097075,0.000852
11/6/2017,0.001271251,0.000619
11/7/2017,-0.000189103,-0.000183
11/8/2017,0.001443655,0.00111
11/9/2017,-0.003761888,8.00E-05
11/10/2017,-0.000897644,0.00035
11/13/2017,0.000983634,0.001802
11/14/2017,-0.002309609,0.000104
11/15/2017,-0.005525676,0.001628
11/16/2017,0.008196058,0.000577
11/17/2017,-0.002625963,0.00172
11/20/2017,0.001275683,0.001002
11/21/2017,0.006541139,0.000771
11/22/2017,-0.000750261,-0.000218
11/24/2017,0.002056095,0.002038
11/27/2017,-0.000384258,-6.90E-05
11/28/2017,0.009848513,0.000384
11/29/2017,-0.000369226,-0.000662
11/30/2017,0.008190951,0.00018
12/1/2017,-0.002024531,-0.001688
12/4/2017,-0.001052157,0.000283
12/5/2017,-0.003739382,0.001226
12/6/2017,-0.000114105,0.000348
12/7/2017,0.002932358,0.002419
12/8/2017,0.005506306,-0.000821
12/11/2017,0.003201957,0.000507
12/12/2017,0.001548922,-0.00193
12/13/2017,-0.000472957,0.000758
12/14/2017,-0.004070859,-0.000631
12/15/2017,0.008974344,0.003175
12/18/2017,0.005362807,3.70E-05
12/19/2017,-0.003230269,0.00036
12/20/2017,-0.000827893,-0.001092
12/21/2017,0.001985656,-1.00E-05
12/22/2017,-0.000458166,-0.000308
12/26/2017,-0.001058415,0.002169
12/27/2017,0.000790941,0.001528
12/28/2017,0.001833999,0.000709
12/29/2017,-0.005183153,0.000717
1/2/2018,0.008303362,0.000761
1/3/2018,0.006398819,0.000549
1/4/2018,0.004028636,0.000717
1/5/2018,0.007033767,0.000736
1/8/2018,0.001662344,0.000751
1/9/2018,0.001302932,0.000371
1/10/2018,-0.001112227,-2.00E-06
1/11/2018,0.007033647,0.001488
1/12/2018,0.006749603,0.000147
1/16/2018,-0.003524487,-1.00E-06
1/17/2018,0.009415052,3.70E-05
1/18/2018,-0.00161639,-0.000141
1/19/2018,0.004385235,0.000214
1/22/2018,0.008066727,0.000649
1/23/2018,0.002174365,0.000792
1/24/2018,-0.000559976,-0.00067
1/25/2018,0.000602621,0.000351
1/26/2018,0.011841196,0.002037
1/29/2018,-0.006731974,0.000929
1/30/2018,-0.010898815,0.002541
1/31/2018,0.000488985,0.000861
2/1/2018,-0.000648089,0.00086
2/2/2018,-0.021208548,0.000829
2/5/2018,-0.040979225,0.001749
2/6/2018,0.017440921,-0.001547
2/7/2018,-0.005001589,-0.00073
2/8/2018,-0.03753642,-0.00868
2/9/2018,0.01493609,-0.005639
2/12/2018,0.013914585,0.007434
2/13/2018,0.00261293,-0.004262
2/14/2018,0.013402458,-0.002516
2/15/2018,0.012069113,0.016637
2/16/2018,0.00037347,0.012844
2/20/2018,-0.005841389,0.00711
2/21/2018,-0.005496503,0.006881
2/22/2018,0.000973551,0.004024
2/23/2018,0.016028376,-0.003283
2/26/2018,0.011757015,-0.013925
2/27/2018,-0.012706889,-0.00287
2/28/2018,-0.011095789,0.001001
3/1/2018,-0.013324399,0.002773
3/2/2018,0.005071603,-0.002522
3/5/2018,0.011032026,0.003113
3/6/2018,0.002638859,0.00287
3/7/2018,-0.000483875,0.003764
3/8/2018,0.004463078,-0.001878
3/9/2018,0.017378831,-0.000348
3/12/2018,-0.001273985,0.000418
3/13/2018,-0.006363577,0.002741
3/14/2018,-0.005724522,0.008458
3/15/2018,-0.00078193,0.003512
3/16/2018,0.001703447,-0.003587
3/19/2018,-0.014204195,-0.003824
3/20/2018,0.001481805,-0.002234
3/21/2018,-0.00184399,0.001787
3/22/2018,-0.025162889,-0.001886
3/23/2018,-0.02096688,-0.001075
3/26/2018,0.027157256,0.004822
3/27/2018,-0.017276309,0.011275
3/28/2018,-0.002916657,-0.011463
3/29/2018,0.013769719,0.015882
4/2/2018,-0.022337423,0.003799
4/3/2018,0.012614866,-0.001958
4/4/2018,0.011566483,0.005908
4/5/2018,0.006862864,-0.004947
4/6/2018,-0.021920249,-0.004926
4/9/2018,0.003336549,0.008802
4/10/2018,0.016726954,0.007039
4/11/2018,-0.005525365,-0.006119
4/12/2018,0.00825075,0.002277
4/13/2018,-0.002886625,0.000807
4/16/2018,0.008109038,0.000675
4/17/2018,0.010661505,0.000117
4/18/2018,0.000831366,-0.004722
4/19/2018,-0.005726125,-0.004439
4/20/2018,-0.008536532,0.001399
4/23/2018,5.62E-05,0.005936
4/24/2018,-0.013380561,-3.20E-05
4/25/2018,0.001837059,-7.50E-05
4/26/2018,0.010434205,0.001308
4/27/2018,0.001113625,-0.005654
4/30/2018,-0.008187491,-0.003127
5/1/2018,0.002549045,-0.00098
5/2/2018,-0.007205864,0.005236
5/3/2018,-0.002253674,-0.00192
5/4/2018,0.012811179,0.008399
5/7/2018,0.003457946,0.001149
5/8/2018,-0.000265641,-0.000489
5/9/2018,0.00968222,-0.000217
5/10/2018,0.009370644,0.002451
5/11/2018,0.001707596,-0.004722
5/14/2018,0.00088349,0.0022
5/15/2018,-0.00684214,0.002882
5/16/2018,0.004060562,0.001438
5/17/2018,-0.000855872,0.002659
5/18/2018,-0.002632195,-0.001833
5/21/2018,0.007386753,3.80E-05
5/22/2018,-0.003135762,-0.001883
5/23/2018,0.00324841,-0.000679
5/24/2018,-0.002023213,-5.00E-05
5/25/2018,-0.002357221,-0.000511
5/29/2018,-0.011564187,0.000919
5/30/2018,0.012695791,0.000752
5/31/2018,-0.00687956,0.005966
6/1/2018,0.01084923,-0.006964
6/4/2018,0.004479598,0.006548
6/5/2018,0.000702593,-0.007876
6/6/2018,0.008567393,0.003946
6/7/2018,-0.000714189,-0.004006
6/8/2018,0.003125904,0.004505
6/11/2018,0.001068708,-0.002601
6/12/2018,0.001743385,0.005514
6/13/2018,-0.004026128,-0.002851
6/14/2018,0.00247155,0.002346
6/15/2018,-0.001017103,-0.000946
6/18/2018,-0.002126128,-0.002213
6/19/2018,-0.004023402,6.20E-05
6/20/2018,0.001712154,-0.0008
6/21/2018,-0.00634551,0.000262
6/22/2018,0.001861934,-0.00143
6/25/2018,-0.013724669,0.002942
6/26/2018,0.002204577,-0.001152
6/27/2018,-0.008604355,0.005524
6/28/2018,0.00617869,-0.00297
6/29/2018,0.000758403,0.006271
7/2/2018,0.003067958,-0.003545
7/3/2018,-0.004947351,0.00666
7/5/2018,0.008620803,-0.002908
7/6/2018,0.008481282,0.007643
7/9/2018,0.008822986,-0.004563
7/10/2018,0.003473267,0.006736
7/11/2018,-0.007094203,0.000379
7/12/2018,0.008749042,0.006168
7/13/2018,0.001079238,0.000636
7/16/2018,-0.001028136,0.002625
7/17/2018,0.003973699,-0.002433
7/18/2018,0.002160512,0.000822
7/19/2018,-0.003952993,-0.004106
7/20/2018,-0.000948448,-0.000498
7/23/2018,0.001838049,0.000167
7/24/2018,0.004780911,-0.001289
7/25/2018,0.009101605,-0.001278
7/26/2018,-0.003032296,-0.000249
7/27/2018,-0.006562209,-0.001132
7/30/2018,-0.00575417,0.003811
7/31/2018,0.004884729,0.001438
8/1/2018,-0.001040352,0.001178
8/2/2018,0.004926445,-0.000321
8/3/2018,0.004644183,0.001134
8/6/2018,0.003538227,-0.003976
8/7/2018,0.002824182,-0.00067
8/8/2018,-0.00026238,-0.000697
8/9/2018,-0.001441674,0.002599
8/10/2018,-0.007113888,0.000682
8/13/2018,-0.004005992,0.00337
8/14/2018,0.006389255,0.001278
8/15/2018,-0.007602165,0.000375
8/16/2018,0.007919408,-0.001697
8/17/2018,0.003323116,0.001959
8/20/2018,0.002428018,-0.004286
8/21/2018,0.002068536,0.000424
8/22/2018,-0.000398152,-0.002098
8/23/2018,-0.001691262,0.003257
8/24/2018,0.00619884,0.0018
8/27/2018,0.007670409,0.004956
8/28/2018,0.000269279,-0.004673
8/29/2018,0.005701434,0.002489
8/30/2018,-0.004430329,0.002487
8/31/2018,0.000134478,-0.00202
9/4/2018,-0.001654322,0.000469
9/5/2018,-0.002803127,-0.001206
9/6/2018,-0.003652305,-0.000798
9/7/2018,-0.002213345,0.000505
9/10/2018,0.001897827,-0.00069
9/11/2018,0.003739842,-0.001999
9/12/2018,0.000356672,0.000742
9/13/2018,0.005282254,0.000742
9/14/2018,0.000275482,0.003199
9/17/2018,-0.005569722,-0.000708
9/18/2018,0.005369015,0.001265
9/19/2018,0.001253273,0.002522
9/20/2018,0.007840592,-9.00E-05
9/21/2018,-0.000368533,0.001392
9/24/2018,-0.003515688,-0.001429
9/25/2018,-0.001305096,0.000938
9/26/2018,-0.003289278,0.000772
9/27/2018,0.002763287,-0.000129
9/28/2018,-6.87E-06,-0.002769
10/1/2018,0.003641105,0.00067
10/2/2018,-0.00039669,-0.000241
10/3/2018,0.00071152,-0.000433
10/4/2018,-0.008169483,0.00022
10/5/2018,-0.005527979,6.30E-05
10/8/2018,-0.000395116,0.004383
10/9/2018,-0.001417904,0.000398
10/10/2018,-0.032864229,0.001406
10/11/2018,-0.020573008,0.001383
10/12/2018,0.014206198,0.005566
10/15/2018,-0.005904979,-0.002217
10/16/2018,0.0214956,-0.006558
10/17/2018,-0.000252662,0.006265
10/18/2018,-0.014391922,-0.00081
10/19/2018,-0.00036117,0.006035
10/22/2018,-0.004299527,0.007957
10/23/2018,-0.00551183,0.005734
10/24/2018,-0.030864434,0.003223
10/25/2018,0.01862504,0.003113
10/26/2018,-0.017327264,0.002484
10/29/2018,-0.006559599,-0.004963
10/30/2018,0.01566678,0.007812
10/31/2018,0.010851332,-0.004289
11/1/2018,0.010557844,0.001232
11/2/2018,-0.006316686,-0.001167
11/5/2018,0.005600317,0.010953
11/6/2018,0.006259296,-0.004627
11/7/2018,0.021208856,0.00279
11/8/2018,-0.002508917,-0.000901
11/9/2018,-0.009199014,-0.003161
11/12/2018,-0.019701489,0.003829
11/13/2018,-0.00148192,0.001243
11/14/2018,-0.007567411,0.002856
11/15/2018,0.010593753,-0.004631
11/16/2018,0.002223306,-0.000869
11/19/2018,-0.016643109,-0.00509
11/20/2018,-0.018151241,-0.000789
11/21/2018,0.003043291,-0.000196
11/23/2018,-0.006554842,0.007632
11/26/2018,0.015532368,-0.003214
11/27/2018,0.003261692,0.008163
11/28/2018,0.02297398,-0.00675
11/29/2018,-0.002183108,-0.000527
11/30/2018,0.008170748,0.005485
12/3/2018,0.010941426,0.008888
12/4/2018,-0.032364903,0.001617
12/6/2018,-0.001522228,0.000194
12/7/2018,-0.023320119,-0.003787
12/10/2018,0.001762154,-0.002492
12/11/2018,-0.000356346,-0.00212
12/12/2018,0.005419504,-0.002255
12/13/2018,-0.00019993,0.002922
12/14/2018,-0.01908671,-0.006077
12/17/2018,-0.020773481,0.010458
12/18/2018,8.64E-05,-0.000966
12/19/2018,-0.015395714,0.007434
12/20/2018,-0.015772106,0.001631
12/21/2018,-0.020588228,0.002601
12/24/2018,-0.027112254,-0.004913
12/26/2018,0.049593743,-0.00731
12/27/2018,0.008562681,0.004734
12/28/2018,-0.001241583,0.008031
12/31/2018,0.008492484,0.006199
1/2/2019,0.001268497,0.002766
1/3/2019,-0.02475673,-0.000364
1/4/2019,0.034335714,-0.00205
1/7/2019,0.007010435,0.004756
1/8/2019,0.009695285,-0.017728
1/9/2019,0.004098046,0.001101
1/10/2019,0.004518419,-0.012274
1/11/2019,-0.000146298,0.003608
1/14/2019,-0.005257525,0.003534
1/15/2019,0.010721689,0.007992
1/16/2019,0.002221986,-0.011111
1/17/2019,0.0075914,-0.005581
1/18/2019,0.013183053,-0.004435
1/22/2019,-0.014157306,0.004902
1/23/2019,0.002202913,-0.001431
1/24/2019,0.001375726,-0.000484
1/25/2019,0.008488694,-0.006863
1/28/2019,-0.007846827,-0.000329
1/29/2019,-0.001456247,0.00435
1/30/2019,0.015549261,-0.0014
1/31/2019,0.008597396,-0.011389
2/1/2019,0.00089861,0.00273
2/4/2019,0.006776237,0.004441
2/5/2019,0.00470842,-0.003382
2/6/2019,-0.002224438,-0.003654
2/7/2019,-0.00935714,0.004406
2/8/2019,0.000676201,-0.001246
2/11/2019,0.000709103,-0.003416
2/12/2019,0.012890225,-0.000287
2/13/2019,0.003023995,0.002602
2/14/2019,-0.002651642,-0.002726
2/15/2019,0.010878753,-0.002602
2/19/2019,0.001498743,0.000234
2/20/2019,0.001777111,-0.001276
2/21/2019,-0.003526437,0.001168
2/22/2019,0.006411102,0.00098
2/25/2019,0.001231862,-0.005391
2/26/2019,-0.000790457,0.001441
2/27/2019,-0.000544049,0.001593
2/28/2019,-0.002825508,-0.001291
3/1/2019,0.006895321,-0.001509
3/4/2019,-0.003880558,-0.002991
3/5/2019,-0.001131533,-0.001115
3/6/2019,-0.006524099,-0.002066
3/7/2019,-0.008125717,-0.000193
3/8/2019,-0.002131689,0.001266
3/11/2019,0.014666042,0.000145
3/12/2019,0.002953318,-0.000439
3/13/2019,0.006949584,-0.001105
3/14/2019,-0.000868023,0.000626
3/15/2019,0.004984903,-0.000282
3/18/2019,0.003705947,0.001675
3/19/2019,-0.000130562,0.000282
3/20/2019,-0.002944354,0.0011
3/21/2019,0.010852481,-0.004034
3/22/2019,-0.018974501,6.80E-05
3/25/2019,-0.000839021,0.001676
3/26/2019,0.007182726,0.000531
3/27/2019,-0.004644325,-0.00064
3/28/2019,0.003589481,0.000468
3/29/2019,0.00673428,1.40E-05
4/1/2019,0.0115686,-0.00096
4/2/2019,1.75E-05,0.000916
4/3/2019,0.002148377,0.003296
4/4/2019,0.002084635,-0.001026
4/5/2019,0.004636433,-0.001415
4/8/2019,0.00104746,-0.000143
4/9/2019,-0.006067495,0.000325
4/10/2019,0.003477872,-0.000334
4/11/2019,3.81E-05,0.000638
4/12/2019,0.006609324,0.001154
4/15/2019,-0.000629369,0.000246
4/16/2019,0.000509358,0.000629
4/17/2019,-0.002273812,0.000495
4/18/2019,0.001579092,-0.000466
4/22/2019,0.001012018,6.30E-05
4/23/2019,0.008841206,0.000489
4/24/2019,-0.002191763,0.001605
4/25/2019,-0.000368974,-0.000225
4/26/2019,0.004685292,0.001211
4/29/2019,0.001071522,-0.000835
4/30/2019,0.000951417,0.001251
5/1/2019,-0.007502163,0.001834
5/2/2019,-0.002123985,0.000883
5/3/2019,0.009638279,-0.001733
5/6/2019,-0.004470988,0.001213
5/7/2019,-0.016511651,0.002407
5/8/2019,-0.001605425,0.001452
5/9/2019,-0.003021425,-0.000731
5/10/2019,0.003720297,0.000789
5/13/2019,-0.024130557,0.00205
5/14/2019,0.008015945,0.001284
5/15/2019,0.005838975,-0.001876
5/16/2019,0.008895287,0.0012
5/17/2019,-0.005837333,0.005161
5/20/2019,-0.006749378,0.000527
5/21/2019,0.008495836,-0.001103
5/22/2019,-0.002824396,-0.0012
5/23/2019,-0.01191415,0.001945
5/24/2019,0.001353559,-0.000861
5/28/2019,-0.008375677,-0.000453
5/29/2019,-0.006911912,0.001408
5/30/2019,0.002098471,-0.000939
5/31/2019,-0.013195373,0.000502
6/3/2019,-0.002765241,9.20E-05
6/4/2019,0.021432371,0.000349
6/5/2019,0.008161854,-0.000771
6/6/2019,0.006135587,0.001588
6/7/2019,0.010497698,0.002941
6/10/2019,0.004660044,-0.002219
6/11/2019,-0.00034988,-0.000859
6/12/2019,-0.002037579,0.001727
6/13/2019,0.004097382,-0.001481
6/14/2019,-0.001611512,-0.00206
6/17/2019,0.000931749,0.001698
6/18/2019,0.0097174,-0.000206
6/19/2019,0.002985164,-0.001097
6/20/2019,0.009472185,0.002224
6/21/2019,-0.001259223,0.00335
6/24/2019,-0.001731887,-0.000853
6/25/2019,-0.009496397,-0.000646
6/26/2019,-0.001233934,-4.00E-06
6/27/2019,0.003823176,-0.000294
6/28/2019,0.005757453,-0.00015
7/1/2019,0.007672301,0.002396
7/2/2019,0.002928126,0.001149
7/3/2019,0.007672378,0.000411
7/5/2019,-0.001805902,0.000625
7/8/2019,-0.004835444,0.00209
7/9/2019,0.001236557,-0.000689
7/10/2019,0.004510689,-0.001575
7/11/2019,0.002285227,0.001087
7/12/2019,0.004620175,0.000989
7/15/2019,0.000175869,0.000725
7/16/2019,-0.003403779,0.001055
7/17/2019,-0.006531244,0.00129
7/18/2019,0.003581998,-0.0007
7/19/2019,-0.006176735,-8.80E-05
7/22/2019,0.002828695,0.00095
7/23/2019,0.006847483,-0.000343
7/24/2019,0.004688148,-0.000138
7/25/2019,-0.005262401,0.001624
7/26/2019,0.007387691,0.000935
7/29/2019,-0.001616114,-0.000427
7/30/2019,-0.002578655,-0.000374
7/31/2019,-0.010885526,0.001764
8/1/2019,-0.008998794,-0.001529
8/2/2019,-0.00728274,-0.001686
8/5/2019,-0.02977782,0.000744
8/6/2019,0.013017017,0.001131
8/7/2019,0.000766876,-0.003381
8/8/2019,0.018762304,0.00356
8/9/2019,-0.006616607,0.004636
8/12/2019,-0.012317322,-0.000358
8/13/2019,0.015131688,-0.001677
8/14/2019,-0.029292753,-0.000885
8/15/2019,0.002464268,0.003636
8/16/2019,0.014426125,-0.006297
8/19/2019,0.012105865,0.001863
8/20/2019,-0.007914727,0.002943
8/21/2019,0.008246799,-0.002319
8/22/2019,-0.000506075,0.000182
8/23/2019,-0.025946337,-0.004661
8/26/2019,0.010982988,0.000605
8/27/2019,-0.003203181,-0.001029
8/28/2019,0.00654548,-0.000974
8/29/2019,0.012687292,0.003341
8/30/2019,0.000642787,0.002196
9/3/2019,-0.0068991,-0.001698
9/4/2019,0.010842079,-0.001394
9/5/2019,0.013009814,0.00035
9/6/2019,0.000910605,-0.004137
9/9/2019,-9.40E-05,0.004322
9/10/2019,0.000322304,0.002191
9/11/2019,0.007229681,-0.005023
9/12/2019,0.002879153,-0.001533
9/13/2019,-0.000724414,0.004385
9/16/2019,-0.003135587,0.001004
9/17/2019,0.002581752,-0.001411
9/18/2019,0.000342692,-0.000332
9/19/2019,2.00E-05,-0.001292
9/20/2019,-0.004895577,0.001507
9/23/2019,-9.69E-05,0.002255
9/24/2019,-0.008416371,0.000435
9/25/2019,0.006158572,0.0001
9/26/2019,-0.002428916,0.000519
9/27/2019,-0.005316352,4.20E-05
9/30/2019,0.005047607,0.001564
10/1/2019,-0.012258373,-0.00077
10/2/2019,-0.017903203,6.10E-05
10/3/2019,0.007971913,-0.001767
10/4/2019,0.014216898,0.000566
10/7/2019,-0.004478295,0.003062
10/8/2019,-0.015560819,0.002729
10/9/2019,0.009104492,0.001309
10/10/2019,0.006415696,-0.004275
10/11/2019,0.010938978,-0.00155
10/14/2019,-0.001387119,0.003735
10/15/2019,0.009955677,0.001447
10/16/2019,-0.001999543,-0.000509
10/17/2019,0.002762832,-0.001172
10/18/2019,-0.003919345,0.001191
10/21/2019,0.006871616,-0.000551
10/22/2019,-0.003568667,0.001152
10/23/2019,0.002847149,-0.00076
10/24/2019,0.001920446,0.000956
10/25/2019,0.004072701,-0.00039
10/28/2019,0.005581338,0.001251
10/29/2019,-0.000832405,8.00E-06
10/30/2019,0.00325337,0.000904
10/31/2019,-0.003022861,-0.000734
11/1/2019,0.009662312,0.000494
11/4/2019,0.003704089,-8.10E-05
11/5/2019,-0.001185699,0.000882
11/6/2019,0.000702497,0.000933
11/7/2019,0.002730095,0.000487
11/8/2019,0.002560676,-0.000151
11/11/2019,-0.001962467,-0.000215
11/12/2019,0.001564646,0.000985
11/13/2019,0.000711535,0.00046
11/14/2019,0.000837043,-0.000496
11/15/2019,0.007695488,0.001227
11/18/2019,0.000503153,0.00054
11/19/2019,-0.000592594,0.000525
11/20/2019,-0.003756184,0.000888
11/21/2019,-0.001582752,0.00297
11/22/2019,0.002174936,0.000998
11/25/2019,0.007507292,0.000724
11/26/2019,0.00219557,0.001352
11/27/2019,0.004174424,0.000363
11/29/2019,-0.00401122,-0.001602
12/2/2019,-0.008631021,-9.20E-05
12/3/2019,-0.006638095,0.000219
12/4/2019,0.006323568,0.000872
12/5/2019,0.001500251,0.000963
12/6/2019,0.009135724,0.001111
12/9/2019,-0.003162821,0.00262
12/10/2019,-0.001096934,-0.000869
12/11/2019,0.002908158,-0.000156
12/12/2019,0.008575226,-0.000506
12/13/2019,7.26E-05,-0.000183
12/16/2019,0.007147785,0.002657
12/17/2019,0.000335292,0.002854
12/18/2019,-0.0004323,-0.00077
12/19/2019,0.004459292,-0.000305
12/20/2019,0.004944781,0.001105
12/23/2019,0.000866144,0.000893
12/24/2019,-0.000195448,0.002071
12/26/2019,0.005128167,0.00267
12/27/2019,3.40E-05,0.000619
12/30/2019,-0.005780823,0.001603
12/31/2019,0.002946022,0.002363
1/2/2020,0.008378803,0.001745
1/3/2020,-0.007059871,0.00164
1/6/2020,0.003533373,0.00069
1/7/2020,-0.002803238,0.00259
1/8/2020,0.004902451,0.001083
1/9/2020,0.006655262,0.000299
1/10/2020,-0.002855179,0.000436
1/13/2020,0.006976215,0.00145
1/14/2020,-0.001514533,0.000866
1/15/2020,0.001870197,0.001683
1/16/2020,0.008366553,-0.002323
1/17/2020,0.003862162,0.001297
1/21/2020,-0.002651978,0.000902
1/22/2020,0.000289076,0.000257
1/23/2020,0.001140977,0.002617
1/24/2020,-0.009042161,-0.00128
1/27/2020,-0.015730712,0.001576
1/28/2020,0.010053584,0.003017
1/29/2020,-0.000866874,0.001835
1/30/2020,0.003134359,0.000449
1/31/2020,-0.01770582,0.001448
2/3/2020,0.007254614,0.002781
2/4/2020,0.014980414,0.001675
2/5/2020,0.011250596,-0.002893
2/6/2020,0.003325673,-0.000564
2/7/2020,-0.005400854,0.000938
2/10/2020,0.007326398,0.004699
2/11/2020,0.001688473,-0.002622
2/12/2020,0.006462646,-0.000956
2/13/2020,-0.001630446,-0.001073
2/14/2020,0.001843533,0.002461
2/18/2020,-0.002919943,0.002297
2/19/2020,0.004705786,-0.001198
2/20/2020,-0.00381552,7.20E-05
2/21/2020,-0.010518103,-0.001289
2/24/2020,-0.033513627,0.002662
2/25/2020,-0.030279996,0.002763
2/26/2020,-0.00377854,0.000707
2/27/2020,-0.044163243,0.000276
2/28/2020,-0.00823834,-0.00771
3/2/2020,0.046039229,-0.003891
3/3/2020,-0.028107896,0.009596
3/4/2020,0.042202591,-0.004719
3/5/2020,-0.033922077,0.012017
3/6/2020,-0.017053852,0.007881
3/9/2020,-0.075969697,0.006781
3/10/2020,0.049396306,-0.002697
3/11/2020,-0.048868445,-0.013954
3/12/2020,-0.095112681,0.02182
3/13/2020,0.09287125,0.035289
3/16/2020,-0.119840552,-0.038658
3/17/2020,0.059954849,0.036329
3/18/2020,-0.051830762,-0.033463
3/19/2020,0.004707808,0.036344
3/20/2020,-0.043359512,-0.036874
3/23/2020,-0.029293868,0.00091
3/24/2020,0.09382774,0.034082
3/25/2020,0.011535012,-0.153463
3/26/2020,0.062414163,0.051441
3/27/2020,-0.033687352,-0.028562
3/30/2020,0.033516009,0.014135
3/31/2020,-0.016012722,-0.027575
4/1/2020,-0.04414243,-0.023562
4/2/2020,0.022829347,0.039178
4/3/2020,-0.015137125,-0.03592
4/6/2020,0.070331319,0.008071
4/7/2020,-0.001603053,-0.004165
4/8/2020,0.034056453,0.008231
4/9/2020,0.01448741,0.011946
4/13/2020,-0.010104661,-0.0286
4/14/2020,0.030572589,0.01702
4/15/2020,-0.022030439,-0.031809
4/16/2020,0.00581669,0.028423
4/17/2020,0.026793595,-0.015382
4/20/2020,-0.017881048,0.01123
4/21/2020,-0.030674796,0.022771
4/22/2020,0.022930248,0.006216
4/23/2020,-0.000539422,-0.006346
4/24/2020,0.013918057,-0.008695
4/27/2020,0.01471407,0.003851
4/28/2020,-0.00524238,0.01558
4/29/2020,0.026583916,-0.002891
4/30/2020,-0.009212446,-0.003
5/1/2020,-0.028059034,0.001578
5/4/2020,0.004249827,-0.000112
5/5/2020,0.009040556,-0.003802
5/6/2020,-0.00697941,-0.00452
5/7/2020,0.011504631,0.005136
5/8/2020,0.016871539,0.012568
5/11/2020,0.000133078,-0.009012
5/12/2020,-0.020500317,0.007935
5/13/2020,-0.017462725,0.001936
5/14/2020,0.011524823,-0.001372
5/15/2020,0.003926363,-0.007201
5/18/2020,0.031501192,0.000587
5/19/2020,-0.010484399,0.003038
5/20/2020,0.0166511,0.015483
5/21/2020,-0.007773596,-0.00554
5/22/2020,0.002353711,-0.008102
5/26/2020,0.012289184,0.000268
5/27/2020,0.014827297,-0.012065
5/28/2020,-0.002107915,0.013486
5/29/2020,0.004812336,-0.004515
6/1/2020,0.003751235,0.016811
6/2/2020,0.008210833,-0.010797
6/3/2020,0.013648979,0.006904
6/4/2020,-0.003368702,-0.006944
6/5/2020,0.026211651,0.01118
6/8/2020,0.012041579,-0.004929
6/9/2020,-0.007799171,0.00936
6/10/2020,-0.005313091,0.001456
6/11/2020,-0.058944059,0.006963
6/12/2020,0.013060844,0.002913
6/15/2020,0.008312217,-0.008769
6/16/2020,0.018962398,-0.00357
6/17/2020,-0.0036003,0.017868
6/18/2020,0.00059422,0.005881
6/19/2020,-0.005649495,0.008795
6/22/2020,0.006495095,-0.024899
6/23/2020,0.00430742,-0.001578
6/24/2020,-0.025855146,-0.012346
6/25/2020,0.010959447,0.023009
6/26/2020,-0.024226905,-0.012243
6/29/2020,0.014685678,0.007005
6/30/2020,0.015409876,-0.004876
7/1/2020,0.005022133,-0.00512
7/2/2020,0.004541251,-0.004193
7/6/2020,0.015881726,-0.005254
7/7/2020,-0.010818532,0.00269
7/8/2020,0.007827462,-0.002717
7/9/2020,-0.005643606,0.001328
7/10/2020,0.010466201,-0.003599
7/13/2020,-0.009362541,-0.000629
7/14/2020,0.013406371,0.007135
7/15/2020,0.009082051,0.002988
7/16/2020,-0.003406101,-0.00259
7/17/2020,0.002848612,0.011142
7/20/2020,0.008406939,-0.008666
7/21/2020,0.001679037,0.005605
7/22/2020,0.005747082,-0.005741
7/23/2020,-0.01231986,0.006379
7/24/2020,-0.0061904,0.002792
7/27/2020,0.007395139,0.002778
7/28/2020,-0.006473392,-0.005639
7/29/2020,0.012428382,0.004803
7/30/2020,-0.003750252,-0.003082
7/31/2020,0.007670505,0.009109
8/3/2020,0.007181023,-0.007044
8/4/2020,0.003611931,0.003498
8/5/2020,0.006429743,-0.0015
8/6/2020,0.006427695,-0.002009
8/7/2020,0.000633029,0.001364
8/10/2020,0.002742218,-0.002333
8/11/2020,-0.007969132,0.004421
8/12/2020,0.01399655,0.003519
8/13/2020,-0.002047174,-0.003657
8/14/2020,-0.000171883,0.00536
8/17/2020,0.002709842,0.002691
8/18/2020,0.002303389,0.002776
8/19/2020,-0.004404395,0.003571
8/20/2020,0.003158633,-0.0021
8/21/2020,0.003441107,0.00648
8/24/2020,0.010043718,-0.004927
8/25/2020,0.003596351,0.004153
8/26/2020,0.010195626,-0.000898
8/27/2020,0.001673044,0.001846
8/28/2020,0.006732565,0.000918
8/31/2020,-0.002194963,0.000156
9/1/2020,0.007525003,-0.002249
9/2/2020,0.01536591,0.004181
9/3/2020,-0.035125844,-0.006269
9/4/2020,-0.008133027,0.019733
9/8/2020,-0.027756342,-0.005512
9/9/2020,0.020144986,0.006339
9/10/2020,-0.017584797,-0.005903
9/11/2020,0.000533072,0.00792
9/14/2020,0.012741829,0.009539
9/15/2020,0.00521936,-0.012028
9/16/2020,-0.004618947,0.00918
9/17/2020,-0.008412366,-0.009714
9/18/2020,-0.011182582,0.006315
9/21/2020,-0.011571098,-0.011033
9/22/2020,0.010517945,-0.000529
9/23/2020,-0.023721455,-0.004809
9/24/2020,0.002987459,0.012312
9/25/2020,0.015976724,-0.001628
9/28/2020,0.01611059,-0.004933
9/29/2020,-0.004812665,-0.00288
9/30/2020,0.008253718,0.00882
10/1/2020,0.005292908,-0.003914
10/2/2020,-0.009577652,-0.005362
10/5/2020,0.017972709,0.004048
10/6/2020,-0.013973516,-0.00651
10/7/2020,0.017396755,0.00737
10/8/2020,0.008010124,-0.001674
10/9/2020,0.008793533,-0.000754
10/12/2020,0.016415813,0.008008
10/13/2020,-0.006306919,-0.002794
10/14/2020,-0.006623142,0.011198
10/15/2020,-0.001527755,-0.008251
10/16/2020,0.00013492,0.007487
10/19/2020,-0.016329862,-0.003551
10/20/2020,0.004727334,0.00855
10/21/2020,-0.0021957,0.001997
10/22/2020,0.005218925,0.000492
10/23/2020,0.003445762,0.003781
10/26/2020,-0.018589516,0.000375
10/27/2020,-0.003025619,0.002742
10/28/2020,-0.035287879,-0.001695
10/29/2020,0.011947331,0.001483
10/30/2020,-0.01212955,-0.007231
11/2/2020,0.012318203,0.001712
11/3/2020,0.01779929,0.002461
11/4/2020,0.022047048,-0.007558
11/5/2020,0.019460194,0.007797
11/6/2020,-0.000287715,-0.012113
11/9/2020,0.011699889,0.010585
11/10/2020,-0.001399795,-0.017198
11/11/2020,0.007651855,0.007127
11/12/2020,-0.009978532,-0.004717
11/13/2020,0.013610335,0.00981
11/16/2020,0.011648051,0.001943
11/17/2020,-0.004791926,0.002492
11/18/2020,-0.01156383,0.008644
11/19/2020,0.003946442,0.004447
11/20/2020,-0.006792563,-0.005483
11/23/2020,0.005635931,0.002109
11/24/2020,0.016161668,-0.001553
11/25/2020,-0.001584418,0.001571
11/27/2020,0.002396979,0.006134
11/30/2020,-0.004595549,0.000277
12/1/2020,0.011271187,-0.000782
12/2/2020,0.001791167,-0.005774
12/3/2020,-0.000624157,0.000677
12/4/2020,0.008836275,0.003794
12/7/2020,-0.001935638,-0.001184
12/8/2020,0.002787148,0.008172
12/9/2020,-0.007949202,-0.003797
12/10/2020,-0.001285108,0.005261
12/11/2020,-0.001264997,-0.003115
12/14/2020,-0.004359259,0.000358
12/15/2020,0.012921249,0.005076
12/16/2020,0.001772795,-0.002218
12/17/2020,0.005757655,0.005311
12/18/2020,-0.003511118,-0.000968
12/21/2020,-0.003906279,0.000412
12/22/2020,-0.002073093,0.001757
12/23/2020,0.000745811,-0.004719
12/24/2020,0.003536589,0.004254
12/28/2020,0.008722529,-0.002388
12/29/2020,-0.00222738,0.004843
12/30/2020,0.001341547,0.002075
12/31/2020,0.006438845,0.000874
1/4/2021,-0.014754828,-0.002699
1/5/2021,0.007082595,0.003806
1/6/2021,0.005709843,-0.003611
1/7/2021,0.014847404,0.002434
1/8/2021,0.005491863,-0.001022
1/11/2021,-0.006554751,0.005826
1/12/2021,0.000415788,0.00352
1/13/2021,0.002275642,-0.004547
1/14/2021,-0.003753451,4.70E-05
1/15/2021,-0.007190028,-0.002109
1/19/2021,0.008136379,0.005995
1/20/2021,0.013935626,-0.000405
1/21/2021,0.000316723,0.000504
1/22/2021,-0.003010611,0.007323
1/25/2021,0.003615839,0.00075
1/26/2021,-0.001488834,-0.002654
1/27/2021,-0.025677884,-0.001146
1/28/2021,0.009760626,0.005107
1/29/2021,-0.019311475,-0.001666
2/1/2021,0.016051768,0.002798
2/2/2021,0.013898224,0.001219
2/3/2021,0.001008769,-0.002995
2/4/2021,0.010853322,0.011226
2/5/2021,0.003897495,-0.007392
2/8/2021,0.007399348,0.00538
2/9/2021,-0.001113525,-0.012258
2/10/2021,-0.000345185,0.008597
2/11/2021,0.001662455,-0.002646
2/12/2021,0.004711033,0.00449
2/16/2021,-0.000569272,0.00097
2/17/2021,-0.000320402,0.001902
2/18/2021,-0.004415836,0.004913
2/19/2021,-0.001854897,0.000732
2/22/2021,-0.007732839,-0.002945
2/23/2021,0.001256318,0.002649
2/24/2021,0.011351614,-0.001855
2/25/2021,-0.024478808,0.000414
2/26/2021,-0.004750214,0.007492
3/1/2021,0.023790764,0.002627
3/2/2021,-0.008080852,-0.007529
3/3/2021,-0.013066222,0.003749
3/4/2021,-0.013417214,0.004853
3/5/2021,0.019495968,0.004769
3/8/2021,-0.005359231,0.00138
3/9/2021,0.014154642,0.006033
3/10/2021,0.006030314,-0.010392
3/11/2021,0.010395487,0.014774
3/12/2021,0.001015398,0.015591
3/15/2021,0.006491921,-0.004933
3/16/2021,-0.001569684,0.00264
3/17/2021,0.002879382,-0.005762
3/18/2021,-0.014760539,0.003068
3/19/2021,-0.000602704,0.001667
3/22/2021,0.007025118,0.011102
3/23/2021,-0.007630854,-0.002128
3/24/2021,-0.005467336,0.00758
3/25/2021,0.005240266,0.000865
3/26/2021,0.016631202,0.003869
3/29/2021,-0.000868013,0.000764
3/30/2021,-0.003157833,0.006338
3/31/2021,0.003622499,0.001357
4/1/2021,0.011825202,0.003969
4/5/2021,0.014438226,-0.000627
4/6/2021,-0.000973531,0.001285
4/7/2021,0.001475233,-0.000311
4/8/2021,0.004220633,0.004944
4/9/2021,0.007719934,0.000795
4/12/2021,-0.000196079,-0.003686
4/13/2021,0.003294487,-0.0022
4/14/2021,-0.004087727,-0.002482
4/15/2021,0.011094191,0.002177
4/16/2021,0.00360882,-3.50E-05
4/19/2021,-0.00530656,-0.001528
4/20/2021,-0.00680232,0.000182
4/21/2021,0.009306056,-0.001134
4/22/2021,-0.009210658,0.001039
4/23/2021,0.010928697,0.002167
4/26/2021,0.001782271,-0.001474
4/27/2021,-0.000214896,0.001608
4/28/2021,-0.00084554,0.003091
4/29/2021,0.006762807,-0.001557
4/30/2021,-0.007194707,0.001045
5/3/2021,0.002748091,0.00078
5/4/2021,-0.006678338,0.000473
5/5/2021,0.000703464,0.001998
5/6/2021,0.008165456,0.005601
5/7/2021,0.007373342,-0.001318
5/10/2021,-0.010435647,0.003869
5/11/2021,-0.008673913,0.00278
5/12/2021,-0.021449401,0.001996
5/13/2021,0.012173141,0.00118
5/14/2021,0.014917957,-0.000557
5/17/2021,-0.002530052,0.001063
5/18/2021,-0.008517293,0.007719
5/19/2021,-0.002943411,0.003419
5/20/2021,0.010554742,0.0062
5/21/2021,-0.000783881,-0.000891
5/24/2021,0.009911292,0.001412
5/25/2021,-0.002125284,-0.002772
5/26/2021,0.001876816,0.007509
5/27/2021,0.001165315,0.003253
5/28/2021,0.000768882,0.003608
6/1/2021,-0.000492333,-0.000558
6/2/2021,0.001446935,-0.000731
6/3/2021,-0.003628703,0.00157
6/4/2021,0.008834096,0.00523
6/7/2021,-0.000796739,0.005155
6/8/2021,0.000175025,0.000807
6/9/2021,-0.001823867,0.001218
6/10/2021,0.004652243,0.001215
6/11/2021,0.001948435,0.002348
6/14/2021,0.001815202,0.001777
6/15/2021,-0.002011694,0.001409
6/16/2021,-0.005390125,0.002264
6/17/2021,-0.000435716,0.003246
6/18/2021,-0.013124469,0.000656
6/21/2021,0.01400229,0.004137
6/22/2021,0.005124492,-0.001647
6/23/2021,-0.001083283,0.003963
6/24/2021,0.00581125,0.00293
6/25/2021,0.003330597,0.003033
6/28/2021,0.002314964,0.002442
6/29/2021,0.000277336,-0.001328
6/30/2021,0.00132816,0.000583
7/1/2021,0.005221627,0.001125
7/2/2021,0.007500082,0.004501
7/6/2021,-0.002021856,-0.000416
7/7/2021,0.003358975,0.002712
7/8/2021,-0.008561025,-0.000123
7/9/2021,0.011277948,0.00071
7/12/2021,0.003451174,-0.000884
7/13/2021,-0.003516813,0.001125
7/14/2021,0.001164935,0.000635
7/15/2021,-0.003262241,0.000898
7/16/2021,-0.007538854,0.003061
7/19/2021,-0.015869512,-0.000491
7/20/2021,0.01516261,0.001234
7/21/2021,0.00824182,-0.001541
7/22/2021,0.00201667,0.004605
7/23/2021,0.010145452,0.001387
7/26/2021,0.0023822,-0.003964
7/27/2021,-0.004712445,0.001795
7/28/2021,-0.000186262,-0.002039
7/29/2021,0.004206153,-0.004552
7/30/2021,-0.005406048,0.000733
8/2/2021,-0.001842806,0.004357
8/3/2021,0.008203427,0.001644
8/4/2021,-0.004632388,0.005347
8/5/2021,0.006005447,-0.000666
8/6/2021,0.001675266,-4.30E-05
8/9/2021,-0.000939908,0.00319
8/10/2021,0.000992679,0.000671
8/11/2021,0.001275744,0.001456
8/12/2021,0.00414638,0.001525
8/13/2021,0.001607307,0.000272
8/16/2021,0.002620851,0.001774
8/17/2021,-0.007060699,0.000983
8/18/2021,-0.010748471,0.004184
8/19/2021,0.001256692,-0.000773
8/20/2021,0.008141568,0.000559
8/23/2021,0.00852379,-0.001053
8/24/2021,0.001495736,0.0035
8/25/2021,0.002220118,0.002485
8/26/2021,-0.005824919,0.002842
8/27/2021,0.008807632,0.001449
8/30/2021,0.004306571,-0.000846
8/31/2021,-0.001349116,0.000601
9/1/2021,0.000311689,0.000106
9/2/2021,0.002842638,0.005135
9/3/2021,-0.000335031,0.002409
9/7/2021,-0.003395574,0.000907
9/8/2021,-0.001318567,-0.002434
9/9/2021,-0.004605609,-0.000508
9/10/2021,-0.007722579,0.0039
9/13/2021,0.002276488,0.002285
9/14/2021,-0.005746638,0.005364
9/15/2021,0.008473997,0.001891
9/16/2021,-0.00155114,0.002497
9/17/2021,-0.009110873,0.003599
9/20/2021,-0.016977311,0.003906
9/21/2021,-0.000812359,0.003838
9/22/2021,0.009519611,0.001873
9/23/2021,0.012134716,0.005296
9/24/2021,0.001461009,0.001514
9/27/2021,-0.002776383,0.004901
9/28/2021,-0.02036411,0.002085
9/29/2021,0.001569184,0.002505
9/30/2021,-0.011909714,0.00311
10/1/2021,0.011491478,0.00267
10/4/2021,-0.012985898,0.003141
10/5/2021,0.010524515,0.007125
10/6/2021,0.004102793,0.003473
10/7/2021,0.008298281,0.00251
10/8/2021,-0.001913723,-0.002133
10/11/2021,-0.006865764,-0.002219
10/12/2021,-0.002416781,0.002738
10/13/2021,0.003022515,0.002311
10/14/2021,0.017063102,0.007671
10/15/2021,0.00746021,0.001616
10/18/2021,0.00337477,0.00213
10/19/2021,0.00739334,-0.00397
10/20/2021,0.00366403,-0.001156
10/21/2021,0.002995872,-0.00273
10/22/2021,-0.001072554,-0.002562
10/25/2021,0.004748197,0.001509
10/26/2021,0.001819795,0.000885
10/27/2021,-0.005051568,0.004556
10/28/2021,0.009829282,0.002482
10/29/2021,0.001949335,-0.000563
11/1/2021,0.001800077,-0.000982
11/2/2021,0.003680363,-0.002791
11/3/2021,0.006461279,-0.00038
11/4/2021,0.004181942,-0.000666
11/5/2021,0.0037328,-0.001015
11/8/2021,0.000887788,0.00194
11/9/2021,-0.003498776,0.001157
11/10/2021,-0.008225823,0.001607
11/11/2021,0.00055094,0.001761
11/12/2021,0.007222656,0.000144
11/15/2021,-1.07E-05,0.000468
11/16/2021,0.00386523,0.000118
11/17/2021,-0.002601625,-0.000313
11/18/2021,0.00338478,0.00187
11/19/2021,-0.001398666,0.001669
11/22/2021,-0.003197137,0.00169
11/23/2021,0.001657133,-4.20E-05
11/24/2021,0.002293851,0.00137
11/26/2021,-0.022724823,0.001405
11/29/2021,0.0132002,0.003833
11/30/2021,-0.01896131,0.000447
12/1/2021,-0.011815187,0.005563
12/2/2021,0.014194436,0.005901
12/3/2021,-0.008448564,0.005368
12/6/2021,0.011730873,0.003174
12/7/2021,0.02070708,-0.002051
12/8/2021,0.003085285,-0.000951
12/9/2021,-0.00718108,-0.001081
12/10/2021,0.009549074,0.001817
12/13/2021,-0.009136168,-0.000974
12/14/2021,-0.007470678,0.003728
12/15/2021,0.016348465,0.002234
12/16/2021,-0.008743415,0.00181
12/17/2021,-0.010287681,0.001604
12/20/2021,-0.011388058,0.005261
12/21/2021,0.017777934,0.003739
12/22/2021,0.010180197,-0.002245
12/23/2021,0.0062237,0.000973
12/27/2021,0.013838935,-0.001486
12/28/2021,-0.001010155,-0.00222
12/29/2021,0.001401895,-0.001115
12/30/2021,-0.002989756,0.00019
12/31/2021,-0.00262618,0.00035
1/3/2022,0.006374053,-0.001876
1/4/2022,-0.000629622,0.000641
1/5/2022,-0.019392758,-0.000852
1/6/2022,-0.000963769,0.001558
1/7/2022,-0.004050217,0.001751
1/10/2022,-0.001441031,0.000685
1/11/2022,0.009159985,0.002318
1/12/2022,0.002817755,0.004412
1/13/2022,-0.014243615,0.00035
1/14/2022,0.00081998,0.003289
1/18/2022,-0.018387946,0.003753
1/19/2022,-0.009689542,0.005032
1/20/2022,-0.011037379,0.004975
1/21/2022,-0.018914822,0.004053
1/24/2022,0.002771739,0.000432
1/25/2022,-0.012171906,0.001821
1/26/2022,-0.001496636,-0.000377
1/27/2022,-0.005384089,-0.001932
1/28/2022,0.024347647,-0.001183
1/31/2022,0.018885952,0.000467
2/1/2022,0.006863003,0.009525
2/2/2022,0.009422516,0.003069
2/3/2022,-0.024391082,0.004004
2/4/2022,0.00515693,-0.000509
2/7/2022,-0.003701713,-0.000322
2/8/2022,0.008401207,0.000644
2/9/2022,0.014517208,-0.006029
2/10/2022,-0.018115726,-0.002276
2/11/2022,-0.018969454,-0.002007
2/14/2022,-0.003840597,-0.00117
2/15/2022,0.015766721,0.008946
2/16/2022,0.000881208,0.005101
2/17/2022,-0.021173138,0.00749
2/18/2022,-0.007166162,-0.002146
2/22/2022,-0.010142945,-0.002313
2/23/2022,-0.018412123,0.00744
2/24/2022,0.014956856,-0.001894
2/25/2022,0.022372678,0.003546
2/28/2022,-0.002442603,-0.000557
3/1/2022,-0.015473504,-0.002101
3/2/2022,0.018642692,0.000801
3/3/2022,-0.005254667,0.002089
3/4/2022,-0.007934043,0.006969
3/7/2022,-0.029518158,0.004923
3/8/2022,-0.007233754,-0.003793
3/9/2022,0.025698248,-0.002453
3/10/2022,-0.004291814,-0.001259
3/11/2022,-0.012961545,-0.003195
3/14/2022,-0.007421003,-0.000537
3/15/2022,0.021408574,0.001696
3/16/2022,0.022383761,0.00356
3/17/2022,0.012347818,0.005137
3/18/2022,0.011662295,0.004836
3/21/2022,-0.00043466,-0.008059
3/22/2022,0.011304113,-0.005564
3/23/2022,-0.012272699,0.00114
3/24/2022,0.014343913,0.007722
3/25/2022,0.005066171,0.000162
3/28/2022,0.007144955,-0.004211
3/29/2022,0.012256547,0.000199
3/30/2022,-0.0062937,-0.001101
3/31/2022,-0.015652541,0.00454
4/1/2022,0.003410223,-0.000175
4/4/2022,0.008090939,0.004618
4/5/2022,-0.012551721,0.001542
4/6/2022,-0.009716917,0.000878
4/7/2022,0.004253386,-0.00153
4/8/2022,-0.002651027,-0.002908
4/11/2022,-0.01687729,0.00741
4/12/2022,-0.003417448,0.001981
4/13/2022,0.011174578,0.004931
4/14/2022,-0.012144138,0.0058
4/18/2022,-0.000204868,-0.003355
4/19/2022,0.016057604,0.003442
4/20/2022,-0.000618475,0.001927
4/21/2022,-0.014752948,-0.001
4/22/2022,-0.027740054,-0.00043
4/25/2022,0.005697937,-0.000408
4/26/2022,-0.028146308,0.007813
4/27/2022,0.002098047,-0.0005
4/28/2022,0.0247469,-0.000206
4/29/2022,-0.036284507,0.000527
5/2/2022,0.005675243,-0.006924
5/3/2022,0.004837126,0.001362
5/4/2022,0.029862421,0.004733
5/5/2022,-0.035649709,0.002213
5/6/2022,-0.005674225,0.002483
5/9/2022,-0.032037101,0.006676
5/10/2022,0.002457898,-0.006461
5/11/2022,-0.016463207,0.004952
5/12/2022,-0.001295965,0.001138
5/13/2022,0.023869696,0.006565
5/16/2022,-0.003946401,-0.013981
5/17/2022,0.020169632,0.002588
5/18/2022,-0.040395261,-0.000129
5/19/2022,-0.005833782,0.00946
5/20/2022,0.000146142,-0.002598
5/23/2022,0.01855504,0.001643
5/24/2022,-0.008120798,0.001716
5/25/2022,0.009450765,-0.006639
5/26/2022,0.019883256,0.002022
5/27/2022,0.024742263,-0.007618
5/31/2022,-0.006274369,0.002466
6/1/2022,-0.007482769,-0.002572
6/2/2022,0.018431018,0.00067
6/3/2022,-0.016347314,0.000231
6/6/2022,0.003137401,-0.002272
6/7/2022,0.009523393,-0.001079
6/8/2022,-0.010793946,0.004615
6/9/2022,-0.023798694,-0.003775
6/10/2022,-0.029110303,0.001833
6/13/2022,-0.038768431,0.005463
6/14/2022,-0.00377368,-0.002118
6/15/2022,0.014592505,0.002859
6/16/2022,-0.032511951,0.00121
6/17/2022,0.002200866,-0.001331
6/21/2022,0.024477242,0.001882
6/22/2022,-0.001301572,0.002197
6/23/2022,0.009532217,-0.001215
6/24/2022,0.030563294,-0.000456
6/27/2022,-0.002973072,0.006603
6/28/2022,-0.020143036,-0.00326
6/29/2022,-0.000711745,0.006494
6/30/2022,-0.008759278,-0.000489
7/1/2022,0.010553814,-0.002569
7/5/2022,0.001584129,0.002223
7/6/2022,0.003573164,-0.00321
7/7/2022,0.014964588,0.000228
7/8/2022,-0.000830271,0.001411
7/11/2022,-0.011527461,0.000112
7/12/2022,-0.009243879,0.000293
7/13/2022,-0.004456903,0.002588
7/14/2022,-0.002998634,-0.004485
7/15/2022,0.019201249,0.001651
7/18/2022,-0.008363571,0.000172
7/19/2022,0.027628291,-0.002317
7/20/2022,0.005895806,0.002661
7/21/2022,0.009861373,-0.003623
7/22/2022,-0.009332467,0.000222
7/25/2022,0.001315167,-0.000557
7/26/2022,-0.011543203,-0.001743
7/27/2022,0.026156274,-0.004139
7/28/2022,0.012133339,0.002986
7/29/2022,0.01420776,-0.006115
8/1/2022,-0.002823084,0.004508
8/2/2022,-0.006662396,-0.006757
8/3/2022,0.015638477,0.000237
8/4/2022,-0.00077734,-0.003251
8/5/2022,-0.001625746,0.000547
8/8/2022,-0.001237551,-0.003749
8/9/2022,-0.004248693,0.003843
8/10/2022,0.021290638,-0.008009
8/11/2022,-0.000705474,0.004923
8/12/2022,0.017322369,-0.002896
8/15/2022,0.003969542,-2.00E-05
8/16/2022,0.00187568,0.003446
8/17/2022,-0.007237795,-0.005689
8/18/2022,0.002269561,0.003326
8/19/2022,-0.012900001,-0.001054
8/22/2022,-0.021400065,-0.003813
8/23/2022,-0.002237863,0.003686
8/24/2022,0.002916161,-0.006174
8/25/2022,0.014091605,0.006309
8/26/2022,-0.033688059,-0.003746
8/29/2022,-0.006666356,0.001259
8/30/2022,-0.011028155,0.000714
8/31/2022,-0.007817025,-0.001724
9/1/2022,0.002996232,-0.000361
9/2/2022,-0.0107365,0.001955
9/6/2022,-0.004095057,0.000193
9/7/2022,0.018341016,-0.001598
9/8/2022,0.006610722,0.005518
9/9/2022,0.01527145,-0.003023
9/12/2022,0.010584273,0.004321
9/13/2022,-0.043236613,-0.002689
9/14/2022,0.003387012,-0.002717
9/15/2022,-0.011317739,0.003945
9/16/2022,-0.007182134,-0.005418
9/19/2022,0.006857101,0.000771
9/20/2022,-0.011272103,0.002692
9/21/2022,-0.017116494,-0.00469
9/22/2022,-0.008427581,0.004999
9/23/2022,-0.017232619,-0.000322
9/26/2022,-0.010340526,-0.005718
9/27/2022,-0.00212036,0.007532
9/28/2022,0.01967214,-0.011134
9/29/2022,-0.021126438,0.006865
9/30/2022,-0.015066696,-0.001323
10/3/2022,0.025883895,-0.000866
10/4/2022,0.030583701,0.00353
10/5/2022,-0.002017949,-0.004553
10/6/2022,-0.010245081,0.002303
10/7/2022,-0.028003618,0.001929
10/10/2022,-0.007492463,-0.005889
10/11/2022,-0.006519176,0.004916
10/12/2022,-0.003290773,-0.007011
10/13/2022,0.025965643,0.005648
10/14/2022,-0.023662664,-0.002497
10/17/2022,0.026480052,-0.004997
10/18/2022,0.01142757,0.004964
10/19/2022,-0.006672097,0.000232
10/20/2022,-0.00795091,-0.002873
10/21/2022,0.02372482,-0.00056
10/24/2022,0.011881977,-0.00394
10/25/2022,0.016266654,-0.000424
10/26/2022,-0.007387716,0.002261
10/27/2022,-0.006082611,-0.005997
10/28/2022,0.024626378,0.003767
10/31/2022,-0.007454404,-0.009167
11/1/2022,-0.00410123,0.002346
11/2/2022,-0.025001985,-0.004018
11/3/2022,-0.010585992,-0.002903
11/4/2022,0.013618725,-0.002203
11/7/2022,0.009613982,0.00178
11/8/2022,0.005597893,-0.003885
11/9/2022,-0.020777887,-0.002409
11/10/2022,0.055434484,-0.001965
11/11/2022,0.009240747,0.000163
11/14/2022,-0.008935777,0.000728
11/15/2022,0.008713116,-0.006301
11/16/2022,-0.008252046,0.001145
11/17/2022,-0.003089323,-0.002383
11/18/2022,0.004758582,-0.003483
11/21/2022,-0.003883689,0.004832
11/22/2022,0.013579988,-0.010745
11/23/2022,0.005914689,0.007522
11/25/2022,-0.000283044,-0.009876
11/28/2022,-0.015444193,0.008178
11/29/2022,-0.001591865,-0.004883
11/30/2022,0.030947872,-0.005058
12/1/2022,-0.000867633,0.003833
12/2/2022,-0.00119466,-0.005584
12/5/2022,-0.017894212,-0.000576
12/6/2022,-0.014399195,0.001286
12/7/2022,-0.001862371,-0.000598
12/8/2022,0.007521782,0.001164
12/9/2022,-0.007349578,-0.003737
12/12/2022,0.014279296,-0.000798
12/13/2022,0.007289664,-0.000415
12/14/2022,-0.006052725,-0.000678
12/15/2022,-0.024921675,0.002149
12/16/2022,-0.011137751,-0.004674
12/19/2022,-0.009007516,0.004788
12/20/2022,0.001037338,-0.002148
12/21/2022,0.014867994,-0.004998
12/22/2022,-0.014451699,-0.001964
12/23/2022,0.005868102,-0.006701
12/27/2022,-0.004049622,-0.002883
12/28/2022,-0.012020638,1.80E-05
12/29/2022,0.017461331,-0.003853
12/30/2022,-0.002540742,0.000279
1/3/2023,-0.004000549,-0.002362
1/4/2023,0.007538971,0.001073
1/5/2023,-0.011645529,0.001618
1/6/2023,0.022840781,-0.002094
1/9/2023,-0.000767632,0.003194
1/10/2023,0.006978233,-0.004416
1/11/2023,0.012849425,0.000346
1/12/2023,0.003415906,-0.000965
1/13/2023,0.003996858,-0.002923
1/17/2023,-0.002030491,-0.000211
1/18/2023,-0.015562599,-0.003647
1/19/2023,-0.00763835,-0.002366
1/20/2023,0.018918401,0.00307
1/23/2023,0.011881345,-0.001521
1/24/2023,-0.000711503,0.003673
1/25/2023,-0.000181725,-0.005537
1/26/2023,0.011007853,0.000647
1/27/2023,0.002494841,-0.002207
1/30/2023,-0.012968741,-0.003332
1/31/2023,0.01464247,0.000944
2/1/2023,0.010452304,0.004104
2/2/2023,0.014699373,0.002675
2/3/2023,-0.010354611,0.003045
2/6/2023,-0.006140463,0.000617
2/7/2023,0.012872511,0.00348
2/8/2023,-0.011080725,-0.000895
2/9/2023,-0.008829796,-0.001682
2/10/2023,0.002195262,-0.003011
2/13/2023,0.011448609,0.003392
2/14/2023,-0.000280414,-0.0022
2/15/2023,0.002773176,0.002347
2/16/2023,-0.013788742,-0.006314
2/17/2023,-0.002767406,0.000802
2/21/2023,-0.020041234,0.000704
2/22/2023,-0.001573556,-0.00313
2/23/2023,0.005329429,0.000418
2/24/2023,-0.010537551,-0.002504
2/27/2023,0.003073005,0.003007
2/28/2023,-0.003036002,0.003243
3/1/2023,-0.004725265,0.006387
3/2/2023,0.007582194,-3.60E-05
3/3/2023,0.016147737,-2.60E-05
3/6/2023,0.000687167,-0.002233
3/7/2023,-0.015326919,0.001278
3/8/2023,0.001414794,-0.000918
3/9/2023,-0.018459358,0.002624
3/10/2023,-0.014478138,-0.000743
3/13/2023,-0.001509761,0.002117
3/14/2023,0.016476655,0.005213
3/15/2023,-0.006980883,-0.006726
3/16/2023,0.017562006,0.000778
3/17/2023,-0.011019457,-0.001955
3/20/2023,0.008918404,-0.002388
3/21/2023,0.012982194,-0.000937
3/22/2023,-0.016463224,-0.003694
3/23/2023,0.002984529,0.001064
3/24/2023,0.005639807,0.003082
3/27/2023,0.001646954,0.003456
3/28/2023,-0.001573843,0.000462
3/29/2023,0.014237269,0.003885
3/30/2023,0.005715269,-0.003613
3/31/2023,0.014436543,-0.001124
4/3/2023,0.003698846,-0.007612
4/4/2023,-0.005796972,-0.005396
4/5/2023,-0.002492371,-0.002061
4/6/2023,0.003579163,-0.001539
4/10/2023,0.000996303,0.005666
4/11/2023,-4.14E-05,-0.002373
4/12/2023,-0.004134884,0.005972
4/13/2023,0.01326269,-0.001181
