Date,returns
1/4/2012,0.002525272
1/5/2012,-0.013660172
1/6/2012,-0.002455555
1/9/2012,-0.002461599
1/10/2012,0.009179746
1/11/2012,-0.013399795
1/12/2012,-0.017547387
1/13/2012,-0.004036337
1/17/2012,0.020364763
1/18/2012,-0.00119157
1/19/2012,-0.001988239
1/20/2012,-0.019225023
1/23/2012,0.011375208
1/24/2012,-0.006326622
1/25/2012,0.004547802
1/26/2012,0.003018058
1/27/2012,-0.001404203
1/30/2012,-0.007834462
1/31/2012,-0.003037012
2/1/2012,-0.008834301
2/2/2012,-0.012806065
2/3/2012,0.015359018
2/6/2012,-0.009505233
2/7/2012,0.015478278
2/8/2012,0.00304842
2/9/2012,0.011447645
2/10/2012,-0.01171873
2/13/2012,0.022701997
2/14/2012,-0.001684729
2/15/2012,0.010522186
2/16/2012,0.005009774
2/17/2012,0.009090021
2/21/2012,0.025184018
2/22/2012,0.004157247
2/23/2012,0.014584146
2/24/2012,0.017991236
2/27/2012,-0.011023039
2/28/2012,-0.018515061
2/29/2012,0.00488031
3/1/2012,0.016531204
3/2/2012,-0.019661881
3/5/2012,0.000187479
3/6/2012,-0.018928073
3/7/2012,0.013944671
3/8/2012,0.003956273
3/9/2012,0.007693751
3/12/2012,-0.009869702
3/13/2012,0.003479434
3/14/2012,-0.011995118
3/15/2012,-0.00303518
3/16/2012,0.018551964
3/19/2012,0.009620755
3/20/2012,-0.022943798
3/21/2012,0.01571817
3/22/2012,-0.017898751
3/23/2012,0.014428145
3/26/2012,0.001497109
3/27/2012,0.00280298
3/28/2012,-0.017888735
3/29/2012,-0.024950241
3/30/2012,0.002335065
4/2/2012,0.021452204
4/3/2012,-0.011593661
4/4/2012,-0.024420738
4/5/2012,0.018133409
4/9/2012,-0.008227655
4/10/2012,-0.014054285
4/11/2012,0.016630371
4/12/2012,0.009152892
4/13/2012,-0.007815486
4/16/2012,0.000972459
4/17/2012,0.012338453
4/18/2012,-0.014683292
4/19/2012,-0.003895987
4/20/2012,0.007626929
4/23/2012,0.000582222
4/24/2012,0.004267307
4/25/2012,0.005504587
4/26/2012,0.00412985
4/27/2012,0.003634596
4/30/2012,-0.000571781
5/1/2012,0.012300953
5/2/2012,-0.008854587
5/3/2012,-0.025470443
5/4/2012,-0.039496811
5/7/2012,-0.005584283
5/8/2012,-0.009495609
5/9/2012,-0.002061684
5/10/2012,0.002789009
5/11/2012,-0.009785795
5/14/2012,-0.014043462
5/15/2012,-0.008440557
5/16/2012,-0.01244951
5/17/2012,-0.002693675
5/18/2012,-0.011668053
5/21/2012,0.01191514
5/22/2012,-0.009830355
5/23/2012,-0.019201417
5/24/2012,0.00845386
5/25/2012,0.002206011
5/29/2012,-0.001100583
5/30/2012,-0.032393146
5/31/2012,-0.014689148
6/1/2012,-0.038137017
6/4/2012,0.009011174
6/5/2012,0.003691331
6/6/2012,0.008660529
6/7/2012,-0.002352352
6/8/2012,-0.008488588
6/11/2012,-0.016646861
6/12/2012,0.007497014
6/13/2012,-0.008401308
6/14/2012,0.015613664
6/15/2012,0.001430044
6/18/2012,-0.009044413
6/19/2012,0.009126961
6/20/2012,-0.026538094
6/21/2012,-0.044009852
6/22/2012,0.019948914
6/25/2012,-0.006895725
6/26/2012,0.001893726
6/27/2012,0.01071066
6/28/2012,-0.031417492
6/29/2012,0.093576996
7/2/2012,-0.014241985
7/3/2012,0.046686615
7/5/2012,-0.005019427
7/6/2012,-0.031758816
7/9/2012,0.018235655
7/10/2012,-0.02418879
7/11/2012,0.022643236
7/12/2012,0.003146533
7/13/2012,0.011849396
7/16/2012,0.015269828
7/17/2012,0.008933631
7/18/2012,0.007285384
7/19/2012,0.031044853
7/20/2012,-0.013166436
7/23/2012,-0.036089271
7/24/2012,0.004084423
7/25/2012,0.005310746
7/26/2012,0.00472067
7/27/2012,0.008278309
7/30/2012,-0.003883258
7/31/2012,-0.019157953
8/1/2012,0.009652578
8/2/2012,-0.020020323
8/3/2012,0.04900729
8/6/2012,0.00875268
8/7/2012,0.015943612
8/8/2012,-0.003416249
8/9/2012,0.000107156
8/10/2012,-0.005248479
8/13/2012,-0.001507484
8/14/2012,0.007548765
8/15/2012,0.009632902
8/16/2012,0.013463331
8/17/2012,0.004288745
8/20/2012,-0.000416634
8/21/2012,0.007398135
8/22/2012,0.005999193
8/23/2012,-0.010178953
8/24/2012,-0.001246442
8/27/2012,-0.007072293
8/28/2012,0.009008076
8/29/2012,-0.008720066
8/30/2012,-0.009110849
8/31/2012,0.01955187
9/4/2012,-0.012128102
9/5/2012,0.00062957
9/6/2012,0.001782697
9/7/2012,0.009316435
9/10/2012,0.001244586
9/11/2012,0.006525761
9/12/2012,-0.001646558
9/13/2012,0.013400639
9/14/2012,0.007018635
9/17/2012,-0.024040374
9/18/2012,-0.013765286
9/19/2012,-0.034736047
9/20/2012,-0.001195912
9/21/2012,0.011102601
9/24/2012,-0.010334794
9/25/2012,-0.006091559
9/26/2012,-0.01521287
9/27/2012,0.02078234
9/28/2012,0.003701731
10/1/2012,0.003145688
10/2/2012,-0.006379801
10/3/2012,-0.040809664
10/4/2012,0.040503745
10/5/2012,-0.019954225
10/8/2012,-0.006119215
10/9/2012,0.034254975
10/10/2012,-0.012338987
10/11/2012,0.008986301
10/12/2012,-0.002280862
10/15/2012,-0.000108894
10/16/2012,0.002612934
10/17/2012,0.000325844
10/18/2012,-0.000217162
10/19/2012,-0.022258361
10/22/2012,-0.014658523
10/23/2012,-0.023216555
10/24/2012,-0.010845679
10/25/2012,0.003732649
10/26/2012,0.002672818
10/31/2012,-0.000463618
11/1/2012,0.009856192
11/2/2012,-0.025605639
11/5/2012,0.009309463
11/6/2012,0.035726759
11/7/2012,-0.048134337
11/8/2012,0.007697702
11/9/2012,0.011517265
11/12/2012,-0.005809225
11/13/2012,-0.002220439
11/14/2012,0.01100964
11/15/2012,-0.010078811
11/16/2012,0.014277367
11/19/2012,0.030114239
11/20/2012,-0.028337803
11/21/2012,0.007262213
11/23/2012,0.010299863
11/26/2012,-0.006116912
11/27/2012,-0.006382471
11/28/2012,-0.007914682
11/29/2012,0.018268031
11/30/2012,0.009537913
12/3/2012,0.002024429
12/4/2012,-0.006622472
12/5/2012,-0.007005684
12/6/2012,-0.018434172
12/7/2012,-0.003825667
12/10/2012,-0.004305854
12/11/2012,0.002688207
12/12/2012,0.011423196
12/13/2012,-0.010141731
12/14/2012,0.009779998
12/17/2012,0.005419047
12/18/2012,0.008371594
12/19/2012,0.017968862
12/20/2012,0.006926544
12/21/2012,-0.016309698
12/24/2012,-0.000563986
12/26/2012,0.026746439
12/27/2012,-0.001209057
12/28/2012,-0.000770331
12/31/2012,0.011233447
1/2/2013,0.014158168
1/3/2013,-0.00214782
1/4/2013,0.001829509
1/7/2013,0.001074294
1/8/2013,-0.000429231
1/9/2013,-0.000536812
1/10/2013,0.007733641
1/11/2013,-0.002771285
1/14/2013,0.006199241
1/15/2013,-0.00913533
1/16/2013,0.010291585
1/17/2013,0.013264007
1/18/2013,0.000733061
1/22/2013,0.007115948
1/23/2013,-0.010494545
1/24/2013,0.007560579
1/25/2013,-0.000729547
1/28/2013,0.005840686
1/29/2013,0.011717109
1/30/2013,0.00379217
1/31/2013,-0.004594691
2/1/2013,0.002872079
2/4/2013,-0.016364928
2/5/2013,0.004887189
2/6/2013,-0.000206912
2/7/2013,-0.008176371
2/8/2013,-0.001147876
2/11/2013,0.013685729
2/12/2013,0.004946955
2/13/2013,-0.005127679
2/14/2013,0.003092423
2/15/2013,-0.014900802
2/19/2013,0.008345535
2/20/2013,-0.022760241
2/21/2013,-0.017150148
2/22/2013,0.003123665
2/25/2013,-0.000214711
2/26/2013,-0.005155236
2/27/2013,0.001403487
2/28/2013,-0.00765415
3/1/2013,-0.014883248
3/4/2013,-0.006175529
3/5/2013,0.007767388
3/6/2013,-0.004294208
3/7/2013,0.012495831
3/8/2013,0.004259491
3/11/2013,0.001196313
3/12/2013,0.005214024
3/13/2013,-0.000216166
3/14/2013,0.005512343
3/15/2013,0.004514651
3/18/2013,0.003103275
3/19/2013,-0.016855068
3/20/2013,0.008680501
3/21/2013,-0.005486252
3/22/2013,0.013629011
3/25/2013,0.011738331
3/26/2013,0.016137517
3/27/2013,0.002491239
3/28/2013,0.006730182
4/1/2013,-0.001645613
4/2/2013,0.001236242
4/3/2013,-0.028192252
4/4/2013,-0.012599206
4/5/2013,-0.006004771
4/8/2013,0.007119784
4/9/2013,0.008997386
4/10/2013,0.004670934
4/11/2013,-0.011939952
4/12/2013,-0.023740787
4/15/2013,-0.028261606
4/16/2013,0.000112749
4/17/2013,-0.022993699
4/18/2013,0.012113556
4/19/2013,0.003191599
4/22/2013,0.008521759
4/23/2013,0.004731839
4/24/2013,0.025229872
4/25/2013,0.024171486
4/26/2013,-0.006834675
4/29/2013,0.016129032
4/30/2013,-0.011005302
5/1/2013,-0.026000428
5/2/2013,0.032516742
5/3/2013,0.017235908
5/6/2013,0.005752568
5/7/2013,-0.005615651
5/8/2013,0.010458063
5/9/2013,-0.002380501
5/10/2013,-0.003631061
5/13/2013,-0.009058757
5/14/2013,-0.010087202
5/15/2013,0.000955355
5/16/2013,0.009119841
5/17/2013,0.009037337
5/20/2013,0.007186024
5/21/2013,-0.005687054
5/22/2013,-0.0195508
5/23/2013,-0.00031819
5/24/2013,-0.001060987
5/28/2013,0.00913436
5/29/2013,-0.019787443
5/30/2013,0.005154129
5/31/2013,-0.017519496
6/3/2013,0.01609216
6/4/2013,-0.001498117
6/5/2013,0.004608295
6/6/2013,0.010881204
6/7/2013,0.013402248
6/10/2013,-0.002707508
6/11/2013,-0.004072257
6/12/2013,0.005242189
6/13/2013,0.008448112
6/14/2013,0.011997063
6/17/2013,-0.000817588
6/18/2013,0.006852869
6/19/2013,-0.002031735
6/20/2013,-0.028908755
6/21/2013,-0.017924528
6/24/2013,0.01590349
6/25/2013,0.001470897
6/26/2013,0.001888376
6/27/2013,0.016230398
6/28/2013,-0.005048995
7/1/2013,0.014809445
7/2/2013,0.016430248
7/3/2013,0.016465864
7/5/2013,0.019557517
7/8/2013,-0.000775063
7/9/2013,0.003781268
7/10/2013,0.028880499
7/11/2013,-0.015114467
7/12/2013,0.009913192
7/15/2013,0.003492242
7/16/2013,-0.003009782
7/17/2013,0.00452833
7/18/2013,0.014650619
7/19/2013,9.26E-05
7/22/2013,-0.010550661
7/23/2013,0.002993162
7/24/2013,-0.017159414
7/25/2013,0.000948847
7/26/2013,-0.007488871
7/29/2013,-0.001432607
7/30/2013,-0.014060267
7/31/2013,0.018917316
8/1/2013,0.027230315
8/2/2013,-0.008805237
8/5/2013,-0.003553432
8/6/2013,-0.011824278
8/7/2013,-0.008831909
8/8/2013,-0.009293868
8/9/2013,0.024854922
8/12/2013,0.001321129
8/13/2013,0.006785421
8/14/2013,0.000187176
8/15/2013,0.004492316
8/16/2013,0.00121119
8/19/2013,-0.003350093
8/20/2013,-0.019887928
8/21/2013,-0.010669744
8/22/2013,0.011362552
8/23/2013,0.013234305
8/26/2013,-0.004698365
8/27/2013,0.029172999
8/28/2013,0.009999046
8/29/2013,-0.011807403
8/30/2013,-0.010569862
9/3/2013,0.008267524
9/4/2013,-0.012069265
9/5/2013,0.010631353
9/6/2013,0.019931678
9/9/2013,-0.009137809
9/10/2013,-0.019448485
9/11/2013,0.001583006
9/12/2013,0.009669022
9/13/2013,-0.003591151
9/16/2013,-0.014970918
9/17/2013,-0.010976621
9/18/2013,0.025137565
9/19/2013,-0.015545489
9/20/2013,-0.01607293
9/23/2013,-0.010412724
9/24/2013,-0.004440574
9/25/2013,-0.004557287
9/26/2013,0.003604081
9/27/2013,-0.001552907
9/30/2013,-0.005249353
10/1/2013,-0.002833978
10/2/2013,0.020188132
10/3/2013,-0.007588857
10/4/2013,0.005130171
10/7/2013,-0.007800434
10/8/2013,0.004464709
10/9/2013,-0.018165978
10/10/2013,0.013778181
10/11/2013,-0.009610766
10/14/2013,0.003822849
10/15/2013,-0.011717654
10/16/2013,0.010670902
10/17/2013,-0.015837354
10/18/2013,0.001390682
10/21/2013,-0.015772215
10/22/2013,-0.01431161
10/23/2013,-0.009611472
10/24/2013,0.002581045
10/25/2013,0.007620194
10/28/2013,0.008482392
10/29/2013,-0.004864238
10/30/2013,-0.014562119
10/31/2013,-0.004030175
11/1/2013,-0.018364765
11/4/2013,0.000105718
11/5/2013,-0.013210737
11/6/2013,0.015315411
11/7/2013,-0.006329177
11/8/2013,0.004246295
11/11/2013,0.005708256
11/12/2013,-0.022072714
11/13/2013,0.009028332
11/14/2013,-0.001278174
11/15/2013,0.000853178
11/18/2013,-0.008631682
11/19/2013,0.003332226
11/20/2013,-0.000107071
11/21/2013,0.02260795
11/22/2013,-0.006286735
11/25/2013,-0.007908056
11/26/2013,-0.004357488
11/27/2013,-0.014730967
11/29/2013,0.004550357
12/2/2013,0.011863665
12/3/2013,0.023662343
12/4/2013,0.012078259
12/5/2013,0.001851852
12/6/2013,0.002772695
12/9/2013,-0.003174665
12/10/2013,0.012019787
12/11/2013,-0.010861841
12/12/2013,0.000615743
12/13/2013,-0.00923079
12/16/2013,0.009109783
12/17/2013,-0.002667234
12/18/2013,0.005965871
12/19/2013,0.009918139
12/20/2013,0.005568523
12/23/2013,-0.004128031
12/24/2013,0.003134132
12/26/2013,0.003325962
12/27/2013,0.007734776
12/30/2013,-0.010267135
12/31/2013,-0.008762242
1/2/2014,-0.030278359
1/3/2014,-0.015507156
1/6/2014,-0.005640688
1/7/2014,0.002568747
1/8/2014,-0.014305498
1/9/2014,-0.007256558
1/10/2014,0.011564444
1/13/2014,-0.009922325
1/14/2014,0.008605588
1/15/2014,0.0170645
1/16/2014,-0.002229999
1/17/2014,0.004363602
1/21/2014,0.006569831
1/22/2014,0.018317771
1/23/2014,0.006099421
1/24/2014,-0.006987269
1/27/2014,-0.009519847
1/28/2014,0.017655694
1/29/2014,-0.000513325
1/30/2014,0.008935928
1/31/2014,-0.007533391
2/3/2014,-0.01087289
2/4/2014,0.007881385
2/5/2014,0.001954882
2/6/2014,0.004723752
2/7/2014,0.020850379
2/10/2014,0.001802173
2/11/2014,-0.00119924
2/12/2014,0.004302591
2/13/2014,-0.000199313
2/14/2014,-0.000498206
2/18/2014,0.021236261
2/19/2014,0.008591214
2/20/2014,-0.003775046
2/21/2014,-0.006995735
2/24/2014,0.006066566
2/25/2014,-0.009628457
2/26/2014,0.00746336
2/27/2014,-0.001851974
2/28/2014,0.00185541
3/3/2014,0.022711786
3/4/2014,-0.015154366
3/5/2014,-0.018194183
3/6/2014,0.001084288
3/7/2014,0.010043364
3/10/2014,-0.014232784
3/11/2014,-0.010779311
3/12/2014,-0.020393892
3/13/2014,0.002143066
3/14/2014,0.007026497
3/17/2014,-0.008190889
3/18/2014,0.016517078
3/19/2014,0.006720221
3/20/2014,-0.009365378
3/21/2014,0.00030171
3/24/2014,0.001407591
3/25/2014,-0.004116426
3/26/2014,0.010787378
3/27/2014,0.010173519
3/28/2014,0.003850701
3/31/2014,-0.000885178
4/1/2014,-0.018113841
4/2/2014,-0.001203078
4/3/2014,0.006725537
4/4/2014,0.008475401
4/7/2014,-0.00692107
4/8/2014,0.021107088
4/9/2014,0.010140406
4/10/2014,-0.001930463
4/11/2014,0.003288162
4/14/2014,0.002988288
4/15/2014,-0.002883258
4/16/2014,9.64E-05
4/17/2014,0.005204327
4/21/2014,0.000671141
4/22/2014,-0.021462163
4/23/2014,-0.006756046
4/24/2014,0.004929022
4/25/2014,-0.013145026
4/28/2014,0.002385666
4/29/2014,0.004363378
4/30/2014,-0.015205381
5/1/2014,-0.003208342
5/2/2014,0.003419875
5/5/2014,-0.002806726
5/6/2014,0.000201015
5/7/2014,0.012763789
5/8/2014,-0.005060981
5/9/2014,-0.002693038
5/12/2014,0.00600058
5/13/2014,0.011034905
5/14/2014,0.006588063
5/15/2014,-0.008498613
5/16/2014,0.005123123
5/19/2014,0.005783219
5/20/2014,-0.001656749
5/21/2014,0.015911733
5/22/2014,-0.003170962
5/23/2014,0.005880085
5/27/2014,-0.002299923
5/28/2014,-0.013351263
5/29/2014,0.008372284
5/30/2014,-0.008399334
6/2/2014,-0.002336657
6/3/2014,0.00185423
6/4/2014,-0.000194867
6/5/2014,-0.001558807
6/6/2014,0.00175645
6/9/2014,0.017046561
6/10/2014,-0.000574715
6/11/2014,0.000479195
6/12/2014,0.02040227
6/13/2014,0.003567117
6/16/2014,-9.36E-05
6/17/2014,-0.005051459
6/18/2014,-0.003666792
6/19/2014,0.004340842
6/20/2014,0.007798572
6/23/2014,-0.01016226
6/24/2014,-0.001318631
6/25/2014,0.004432717
6/26/2014,-0.006197221
6/27/2014,-0.000944804
6/30/2014,-0.003499102
7/1/2014,-0.000284777
7/2/2014,-0.008163974
7/3/2014,-0.004019956
7/7/2014,-0.005093206
7/8/2014,-0.001255646
7/9/2014,-0.010735019
7/10/2014,0.006256711
7/11/2014,-0.020402196
7/14/2014,0.000793434
7/15/2014,-0.009414379
7/16/2014,0.012404942
7/17/2014,0.019664082
7/18/2014,-0.0005815
7/21/2014,0.01415688
7/22/2014,-0.001625375
7/23/2014,-0.012449675
7/24/2014,-0.010182341
7/25/2014,0.000195905
7/28/2014,-0.004113998
7/29/2014,-0.006884991
7/30/2014,-0.006932792
7/31/2014,-0.020943443
8/1/2014,-0.00295407
8/4/2014,0.004188844
8/5/2014,-0.009258358
8/6/2014,-0.004723752
8/7/2014,0.00433345
8/8/2014,0.003184775
8/11/2014,0.004403482
8/12/2014,-0.007238978
8/13/2014,0.002259351
8/14/2014,-0.020596312
8/15/2014,0.018518476
8/18/2014,-0.009655819
8/19/2014,-0.02001868
8/20/2014,0.016828926
8/21/2014,-0.021963162
8/22/2014,-0.003299244
8/25/2014,-0.00320346
8/26/2014,0.005463342
8/27/2014,0.000213041
8/28/2014,0.007136834
8/29/2014,0.014912702
9/2/2014,-0.032096728
9/3/2014,0.028639148
9/4/2014,-0.011408876
9/5/2014,-0.012281589
9/8/2014,-0.006753103
9/9/2014,0.00097125
9/10/2014,-0.011644226
9/11/2014,0.012654129
9/12/2014,-0.006032586
9/15/2014,0.007044554
9/16/2014,0.021093403
9/17/2014,-0.004848219
9/18/2014,-0.014297797
9/19/2014,-0.007091394
9/22/2014,-0.009631068
9/23/2014,0.000437074
9/24/2014,0.013543087
9/25/2014,-0.002909526
9/26/2014,0.010915401
9/29/2014,0.011011321
9/30/2014,-0.036057904
10/1/2014,-0.004716992
10/2/2014,0.003086068
10/3/2014,-0.013954554
10/6/2014,0.00668596
10/7/2014,-0.016493226
10/8/2014,-0.017332583
10/9/2014,-0.017638312
10/10/2014,0.000582989
10/13/2014,-0.000932207
10/14/2014,-0.045486378
10/15/2014,-0.000733101
10/16/2014,0.01124967
10/17/2014,0.000604631
10/20/2014,-0.000483396
10/21/2014,0.001209032
10/22/2014,-0.027653678
10/23/2014,0.01949825
10/24/2014,-0.013156219
10/27/2014,-0.000123466
10/28/2014,0.00518516
10/29/2014,0.009579944
10/30/2014,-0.013138614
10/31/2014,-0.007149926
11/3/2014,-0.02185252
11/4/2014,-0.02018275
11/5/2014,0.019302992
11/6/2014,-0.009786426
11/7/2014,0.009498113
11/10/2014,-0.015893197
11/11/2014,0.006976744
11/12/2014,-0.009751116
11/13/2014,-0.038481485
11/14/2014,0.021695203
11/17/2014,-0.002374057
11/18/2014,-0.013617108
11/19/2014,-0.000402077
11/20/2014,0.01340842
11/21/2014,0.012304842
11/24/2014,-0.009541275
11/25/2014,-0.022301439
11/26/2014,-0.005398759
11/28/2014,-0.102320529
12/1/2014,0.043083869
12/2/2014,-0.030724681
12/3/2014,0.007476077
12/4/2014,-0.008459469
12/5/2014,-0.014518815
12/8/2014,-0.042375413
12/9/2014,0.012212546
12/10/2014,-0.045126935
12/11/2014,-0.016245455
12/12/2014,-0.035696413
12/15/2014,-0.032866303
12/16/2014,0.000357718
12/17/2014,0.009654944
12/18/2014,-0.041792101
12/19/2014,0.044538883
12/22/2014,-0.022293029
12/23/2014,0.033659086
12/24/2014,-0.022408946
12/26/2014,-0.019878223
12/29/2014,-0.020464078
12/30/2014,0.009513113
12/31/2014,-0.015705821
1/2/2015,-0.010887948
1/5/2015,-0.050294136
1/6/2015,-0.042166286
1/7/2015,0.015021949
1/8/2015,0.002877677
1/9/2015,-0.008813281
1/12/2015,-0.047353204
1/13/2015,-0.00390712
1/14/2015,0.056439334
1/15/2015,-0.04599835
1/16/2015,0.052756735
1/20/2015,-0.047237627
1/21/2015,0.029963355
1/22/2015,-0.03076597
1/23/2015,-0.015547419
1/26/2015,-0.009651195
1/27/2015,0.02392022
1/28/2015,-0.038503115
1/29/2015,0.00179973
1/30/2015,0.083314689
2/2/2015,0.027570438
2/3/2015,0.070203732
2/4/2015,-0.086710614
2/5/2015,0.041898843
2/6/2015,0.023969869
2/9/2015,0.022634978
2/10/2015,-0.053726843
2/11/2015,-0.023590564
2/12/2015,0.048525778
2/13/2015,0.030658075
2/17/2015,0.014209928
2/18/2015,-0.025966748
2/19/2015,-0.018795532
2/20/2015,-0.016028147
2/23/2015,-0.017679758
2/24/2015,-0.003437856
2/25/2015,0.034699737
2/26/2015,-0.055305038
2/27/2015,0.033008098
3/2/2015,-0.003416359
3/3/2015,0.018753781
3/4/2015,0.019992063
3/5/2015,-0.014942771
3/6/2015,-0.022655576
3/9/2015,0.007861298
3/10/2015,-0.03419998
3/11/2015,-0.002485049
3/12/2015,-0.023250966
3/13/2015,-0.046971287
3/16/2015,-0.021409434
3/17/2015,-0.009571604
3/18/2015,0.027611621
3/19/2015,-0.015674004
3/20/2015,0.040036443
3/23/2015,0.037839019
3/24/2015,0.001264426
3/25/2015,0.035781963
3/26/2015,0.045112803
3/27/2015,-0.049776415
3/30/2015,-0.003887845
3/31/2015,-0.022185744
4/1/2015,0.052310969
4/2/2015,-0.018965881
4/6/2015,0.061050062
4/7/2015,0.035289625
4/8/2015,-0.065950389
4/9/2015,0.007338418
4/10/2015,0.016735538
4/13/2015,0.005228525
4/14/2015,0.026584492
4/15/2015,0.058172226
4/16/2015,0.005674765
4/17/2015,-0.017104514
4/20/2015,0.011481862
4/21/2015,-0.019865253
4/22/2015,0.016286682
4/23/2015,0.028133939
4/24/2015,-0.010218219
4/27/2015,-0.00279965
4/28/2015,0.001228268
4/29/2015,0.026638643
4/30/2015,0.017924189
5/1/2015,-0.008049623
5/4/2015,-0.003719391
5/5/2015,0.024944884
5/6/2015,0.008774801
5/7/2015,-0.032660446
5/8/2015,0.007634883
5/11/2015,-0.002357282
5/12/2015,0.025316456
5/13/2015,-0.004115226
5/14/2015,-0.010247917
5/15/2015,-0.003173046
5/18/2015,-0.004355822
5/19/2015,-0.036513579
5/20/2015,0.030038457
5/21/2015,0.029501543
5/22/2015,-0.016469038
5/26/2015,-0.02829876
5/27/2015,-0.0089609
5/28/2015,0.002956043
5/29/2015,0.045423006
6/1/2015,-0.001658342
6/2/2015,0.017607923
6/3/2015,-0.026444647
6/4/2015,-0.027498307
6/5/2015,0.019482776
6/8/2015,-0.016742804
6/9/2015,0.034399725
6/10/2015,0.021449967
6/11/2015,-0.010743936
6/12/2015,-0.013328962
6/15/2015,-0.007338209
6/16/2015,0.007560501
6/17/2015,-0.0008338
6/18/2015,0.008845177
6/19/2015,-0.013895781
6/22/2015,0.001174283
6/23/2015,0.022285489
6/24/2015,-0.012129127
6/25/2015,-0.009457425
6/26/2015,-0.001172529
6/29/2015,-0.02180109
6/30/2015,0.019543956
7/1/2015,-0.042206187
7/2/2015,-0.000526668
7/6/2015,-0.077287915
7/7/2015,-0.003807291
7/8/2015,-0.012994458
7/9/2015,0.021877966
7/10/2015,-0.000757806
7/13/2015,-0.010238926
7/14/2015,0.016091954
7/15/2015,-0.030731542
7/16/2015,-0.009725734
7/17/2015,-0.00039287
7/20/2015,-0.014541109
7/21/2015,0.004187418
7/22/2015,-0.023232764
7/23/2015,-0.015043668
7/24/2015,-0.00639839
7/27/2015,-0.01557956
7/28/2015,0.012449905
7/29/2015,0.016882055
7/30/2015,-0.005533941
7/31/2015,-0.028854101
8/3/2015,-0.041383723
8/4/2015,0.012619084
8/5/2015,-0.012898994
8/6/2015,-0.010852757
8/7/2015,-0.01768923
8/10/2015,0.024846137
8/11/2015,-0.041814881
8/12/2015,0.005106708
8/13/2015,-0.024711294
8/14/2015,0.006393559
8/17/2015,-0.014823553
8/18/2015,0.017912587
8/19/2015,-0.042702957
8/20/2015,0.008333334
8/21/2015,-0.01677195
8/24/2015,-0.054635326
8/25/2015,0.027981144
8/26/2015,-0.018061638
8/27/2015,0.102590757
8/28/2015,0.062499999
8/31/2015,0.088014151
9/1/2015,-0.077032539
9/2/2015,0.018498128
9/3/2015,0.010810811
9/4/2015,-0.014973283
9/8/2015,-0.002388708
9/9/2015,-0.038963801
9/10/2015,0.040090508
9/11/2015,-0.02809227
9/14/2015,-0.014116088
9/15/2015,0.013409091
9/16/2015,0.057412021
9/17/2015,-0.005302227
9/18/2015,-0.047334795
9/21/2015,0.044762757
9/22/2015,-0.01820904
9/23/2015,-0.02945673
9/24/2015,0.009667266
9/25/2015,0.017590759
9/28/2015,-0.027789956
9/29/2015,0.018005852
9/30/2015,-0.003095291
10/1/2015,-0.007762209
10/2/2015,0.017881068
10/5/2015,0.01581021
10/6/2015,0.049070495
10/7/2015,-0.014836143
10/8/2015,0.033884103
10/9/2015,0.004046146
10/12/2015,-0.050977291
10/13/2015,-0.009341784
10/14/2015,-0.000428654
10/15/2015,-0.005574571
10/16/2015,0.01897363
10/19/2015,-0.028988554
10/20/2015,-0.007409022
10/21/2015,-0.00768382
10/22/2015,0.003982301
10/23/2015,-0.017188254
10/26/2015,-0.013901301
10/27/2015,-0.017735312
10/28/2015,0.063425878
10/29/2015,0.002612146
10/30/2015,0.011506708
11/2/2015,-0.009658747
11/3/2015,0.038144843
11/4/2015,-0.032985427
11/5/2015,-0.024179598
11/6/2015,-0.020132743
11/9/2015,-0.009482998
11/10/2015,0.007750171
11/11/2015,-0.028952704
11/12/2015,-0.027486606
11/13/2015,-0.024191569
11/16/2015,0.0245459
11/17/2015,-0.025634977
11/18/2015,0.001967101
11/19/2015,-0.00515335
11/20/2015,-0.003700099
11/23/2015,0.033671727
11/24/2015,0.026826323
11/25/2015,0.003965524
11/27/2015,-0.030901533
11/30/2015,-0.001438432
12/1/2015,0.004801824
12/2/2015,-0.045639166
12/3/2015,0.02854289
12/4/2015,-0.027020471
12/7/2015,-0.058043506
12/8/2015,-0.003718566
12/9/2015,-0.009330792
12/10/2015,-0.010764316
12/11/2015,-0.031011944
12/14/2015,0.019371197
12/15/2015,0.028642164
12/16/2015,-0.048995933
12/17/2015,-0.016047269
12/18/2015,-0.006294735
12/21/2015,0.000287993
12/22/2015,0.040299278
12/23/2015,0.037631462
12/24/2015,0.015999947
12/28/2015,-0.033858191
12/29/2015,0.028796468
12/30/2015,-0.033535808
12/31/2015,0.012021941
1/4/2016,-0.007559476
1/5/2016,-0.02149067
1/6/2016,-0.055601889
1/7/2016,-0.020606446
1/8/2016,-0.003306282
1/11/2016,-0.052774427
1/12/2016,-0.030881853
1/13/2016,0.001314028
1/14/2016,0.02362208
1/15/2016,-0.057051312
1/19/2016,-0.032630897
1/20/2016,-0.067111738
1/21/2016,0.112241134
1/22/2016,0.090077816
1/25/2016,-0.057471235
1/26/2016,0.036585399
1/27/2016,0.027026963
1/28/2016,0.028483035
1/29/2016,0.012040879
2/1/2016,-0.059488342
2/2/2016,-0.055028525
2/3/2016,0.080321288
2/4/2016,-0.017348204
2/5/2016,-0.026166457
2/8/2016,-0.03884746
2/9/2016,-0.058942403
2/10/2016,-0.01753758
2/11/2016,-0.045173113
2/12/2016,0.123235487
2/16/2016,-0.013586956
2/17/2016,0.055785088
2/18/2016,0.003587736
2/19/2016,-0.036724114
2/22/2016,0.062078308
2/23/2016,0.01238885
2/24/2016,0.008785723
2/25/2016,0.028615799
2/26/2016,-0.008769308
2/29/2016,0.029591246
3/1/2016,0.019259319
3/2/2016,0.007558081
3/3/2016,-0.002596653
3/4/2016,0.039051143
3/7/2016,0.055122609
3/8/2016,-0.036939365
3/9/2016,0.049041123
3/10/2016,-0.011752442
3/11/2016,0.01744186
3/14/2016,-0.034285714
3/15/2016,-0.022592792
3/16/2016,0.058337892
3/17/2016,0.045241863
3/18/2016,-0.018905522
3/21/2016,0.011916861
3/22/2016,0.038586845
3/23/2016,-0.04004825
3/24/2016,-0.008293591
3/28/2016,-0.001773948
3/29/2016,-0.028179742
3/30/2016,0.001044958
3/31/2016,0.000521921
4/1/2016,-0.040427726
4/4/2016,-0.029627615
4/5/2016,0.005322073
4/6/2016,0.05182505
4/7/2016,-0.012980185
4/8/2016,0.066022628
4/11/2016,0.016112789
4/12/2016,0.044846307
4/13/2016,-0.009722552
4/14/2016,-0.006226006
4/15/2016,-0.027469855
4/18/2016,-0.014370713
4/19/2016,0.032679815
4/20/2016,0.03773123
4/21/2016,0.012901689
4/22/2016,0.012737378
4/25/2016,-0.024925703
4/26/2016,0.032833068
4/27/2016,0.029291575
4/28/2016,0.015442245
4/29/2016,-0.002389768
5/2/2016,-0.024825763
5/3/2016,-0.025234413
5/4/2016,0.002978167
5/5/2016,0.012334422
5/6/2016,0.00767148
5/9/2016,-0.027317532
5/10/2016,0.028084738
5/11/2016,0.035154501
5/12/2016,0.01016658
5/13/2016,-0.010492548
5/16/2016,0.032676954
5/17/2016,0.012363789
5/18/2016,-0.002483999
5/19/2016,-0.000622515
5/20/2016,-0.008513289
5/23/2016,0.006911037
5/24/2016,0.011231218
5/25/2016,0.019333649
5/26/2016,-0.001614225
5/27/2016,-0.003031487
5/31/2016,-0.004662558
6/1/2016,-0.001832994
6/2/2016,0.00326464
6/3/2016,-0.011185662
6/6/2016,0.022007405
6/7/2016,0.013483639
6/8/2016,0.017275595
6/9/2016,-0.013078255
6/10/2016,-0.029469956
6/13/2016,-0.003871999
6/14/2016,-0.007978703
6/15/2016,-0.00989903
6/16/2016,-0.03749217
6/17/2016,0.03830342
6/20/2016,0.028970383
6/21/2016,-0.010532733
6/22/2016,0.005731894
6/23/2016,0.019947079
6/24/2016,-0.049291597
6/27/2016,-0.027497839
6/28/2016,0.032808028
6/29/2016,0.042424307
6/30/2016,-0.031074558
7/1/2016,0.013656114
7/5/2016,-0.048785546
7/6/2016,0.017811202
7/7/2016,-0.048281699
7/8/2016,0.005981414
7/11/2016,-0.014314072
7/12/2016,0.045576432
7/13/2016,-0.043803398
7/14/2016,0.020782123
7/15/2016,0.005910705
7/18/2016,-0.015451556
7/19/2016,-0.013041556
7/20/2016,0.006494893
7/21/2016,-0.004227837
7/22/2016,-0.012513989
7/25/2016,-0.023987283
7/26/2016,-0.00486907
7/27/2016,-0.023299162
7/28/2016,-0.018606847
7/29/2016,0.011181308
8/1/2016,-0.03701916
8/2/2016,-0.01372948
8/3/2016,0.033409366
8/4/2016,0.026940924
8/5/2016,-0.003100429
8/8/2016,0.029186627
8/9/2016,-0.005811251
8/10/2016,-0.02478375
8/11/2016,0.04267569
8/12/2016,0.022993791
8/15/2016,0.0280962
8/16/2016,0.018364669
8/17/2016,0.004508351
8/18/2016,0.030562085
8/19/2016,0.006221464
8/22/2016,-0.030296805
8/23/2016,0.022316664
8/24/2016,-0.027650687
8/25/2016,0.01197353
8/26/2016,0.006549693
8/29/2016,-0.013853884
8/30/2016,-0.013410004
8/31/2016,-0.035598642
9/1/2016,-0.034451923
9/2/2016,0.029657067
9/6/2016,0.008775945
9/7/2016,0.014945304
9/8/2016,0.046593385
9/9/2016,-0.036539228
9/12/2016,0.008936356
9/13/2016,-0.030028062
9/14/2016,-0.029398662
9/15/2016,0.007572235
9/16/2016,-0.020041016
9/19/2016,0.006274692
9/20/2016,0.003233256
9/21/2016,0.043738514
9/22/2016,0.021614468
9/23/2016,-0.039723661
9/26/2016,0.032598921
9/27/2016,-0.027433094
9/28/2016,0.053279631
9/29/2016,0.016578173
9/30/2016,0.008572026
10/3/2016,0.011815899
10/4/2016,-0.002458554
10/5/2016,0.023413494
10/6/2016,0.012241561
10/7/2016,-0.012490048
10/11/2016,0.019674764
10/12/2016,-0.012010258
10/13/2016,0.005181327
10/14/2016,-0.001784318
10/17/2016,-0.008142979
10/18/2016,0.00700845
10/19/2016,0.026048856
10/20/2016,-0.022674381
10/21/2016,0.008328336
10/24/2016,-0.006489636
10/25/2016,-0.011084739
10/26/2016,-0.01561247
10/27/2016,0.010980094
10/28/2016,-0.020514883
10/31/2016,-0.03778234
11/1/2016,-0.004054695
11/2/2016,-0.028497923
11/3/2016,-0.014997794
11/4/2016,-0.013210927
11/7/2016,0.018606739
11/8/2016,0.002004923
11/9/2016,0.00644731
11/10/2016,-0.013474707
11/14/2016,-0.030004478
11/15/2016,0.057479247
11/16/2016,-0.005239052
11/17/2016,-0.003291683
11/18/2016,0.00594454
11/21/2016,0.039395996
11/22/2016,0.011370751
11/23/2016,-0.001457422
11/25/2016,-0.039616306
11/28/2016,0.022145049
11/29/2016,-0.039294858
11/30/2016,0.093079792
12/1/2016,0.032767031
12/2/2016,0.012142558
12/5/2016,0.002128502
12/6/2016,-0.016605541
12/7/2016,-0.02277636
12/8/2016,0.021498895
12/9/2016,0.012981904
12/12/2016,0.025825282
12/13/2016,0.002839258
12/14/2016,-0.036617573
12/15/2016,-0.002742927
12/16/2016,0.019646365
12/19/2016,0.004238863
12/20/2016,0.002110533
12/21/2016,0.00497802
12/22/2016,0.008763555
12/23/2016,0.001321983
12/27/2016,0.016597548
12/28/2016,0.002968441
12/29/2016,-0.005364428
12/30/2016,-0.000929868
1/3/2017,-0.025874888
1/4/2017,0.017771755
1/5/2017,0.009387909
1/6/2017,0.004278348
1/9/2017,-0.03759961
1/10/2017,-0.021939935
1/11/2017,0.028138528
1/12/2017,0.014545416
1/13/2017,-0.012073175
1/17/2017,0.002100458
1/18/2017,-0.026676791
1/19/2017,0.00567731
1/20/2017,0.020439926
1/23/2017,0.006295346
1/24/2017,0.008151659
1/25/2017,-0.008085747
1/26/2017,0.019526047
1/27/2017,-0.011342525
1/30/2017,-0.010156047
1/31/2017,0.003420103
2/1/2017,0.020261314
2/2/2017,-0.006310319
2/3/2017,0.00541653
2/6/2017,-0.015233215
2/7/2017,-0.015846067
2/8/2017,0.003258616
2/9/2017,0.012609859
2/10/2017,0.016226434
2/13/2017,-0.017267007
2/14/2017,0.005101096
2/15/2017,-0.001691729
2/16/2017,0.004707211
2/17/2017,0.000749644
2/21/2017,0.012359531
2/22/2017,-0.008694062
2/23/2017,0.016047789
2/24/2017,-0.008448099
2/27/2017,0.001111261
2/28/2017,-0.000740074
3/1/2017,-0.003332642
3/2/2017,-0.02266396
3/3/2017,0.01368563
3/6/2017,-0.002437671
3/7/2017,-0.001127857
3/8/2017,-0.053820099
3/9/2017,-0.019888624
3/10/2017,-0.016030784
3/13/2017,-0.001856053
3/14/2017,-0.014049607
3/15/2017,0.023889354
3/16/2017,-0.002251351
3/17/2017,0.000615364
3/20/2017,-0.011480074
3/21/2017,-0.018249709
3/22/2017,0.014786671
3/23/2017,-0.007077435
3/24/2017,0.005660377
3/27/2017,-0.005003148
3/28/2017,0.013408737
3/29/2017,0.023568307
3/30/2017,0.01696627
3/31/2017,0.004965243
4/3/2017,-0.007114546
4/4/2017,0.015724462
4/5/2017,0.002351617
4/6/2017,0.010752668
4/7/2017,0.010444893
4/10/2017,0.016079632
4/11/2017,0.006028636
4/12/2017,-0.00543073
4/13/2017,0.001318
4/17/2017,-0.009966115
4/18/2017,-0.004558442
4/19/2017,-0.037588266
4/20/2017,-0.003370321
4/21/2017,-0.012930197
4/24/2017,-0.007859714
4/25/2017,0.00670325
4/26/2017,0.001210613
4/27/2017,-0.013099517
4/28/2017,0.00735146
5/1/2017,-0.009933144
5/2/2017,-0.024160524
5/3/2017,0.003357113
5/4/2017,-0.048097031
5/5/2017,0.015377878
5/8/2017,0.004543466
5/9/2017,-0.011845768
5/10/2017,0.031604206
5/11/2017,0.010564124
5/12/2017,0.000209032
5/15/2017,0.021111998
5/16/2017,-0.003889417
5/17/2017,0.008425812
5/18/2017,0.005706093
5/19/2017,0.019858238
5/22/2017,0.007947506
5/23/2017,0.014587049
5/24/2017,-0.002137167
5/25/2017,-0.047897176
5/26/2017,0.018404846
5/30/2017,-0.002811225
5/31/2017,-0.026983488
6/1/2017,0.000827835
6/2/2017,-0.014474793
6/5/2017,-0.005455266
6/6/2017,0.016666603
6/7/2017,-0.051255407
6/8/2017,-0.001749825
6/9/2017,0.004163081
6/12/2017,0.005454942
6/13/2017,0.008246462
6/14/2017,-0.037236312
6/15/2017,-0.00603624
6/16/2017,0.006297863
6/19/2017,-0.012069758
6/20/2017,-0.021945723
6/21/2017,-0.016192482
6/22/2017,0.004937762
6/23/2017,0.006317173
6/26/2017,0.008602721
6/27/2017,0.019824827
6/28/2017,0.011301989
6/29/2017,0.004246714
6/30/2017,0.024705119
7/3/2017,0.022371828
7/5/2017,-0.04121519
7/6/2017,0.008641679
7/7/2017,-0.028339192
7/10/2017,0.00384359
7/11/2017,0.014414391
7/12/2017,0.009991141
7/13/2017,0.012969883
7/14/2017,0.009982617
7/17/2017,-0.011173206
7/18/2017,0.008257323
7/19/2017,0.015517176
7/20/2017,-0.007003353
7/21/2017,-0.021799551
7/24/2017,0.012453572
7/25/2017,0.033448403
7/26/2017,0.017957841
7/27/2017,0.005948738
7/28/2017,0.013662275
7/31/2017,0.009253651
8/1/2017,-0.020131514
8/2/2017,0.008746949
8/3/2017,-0.011292619
8/4/2017,0.011217683
8/7/2017,-0.003832251
8/8/2017,-0.004454363
8/9/2017,0.007931727
8/10/2017,-0.019572255
8/11/2017,0.004733484
8/14/2017,-0.025194592
8/15/2017,-0.000840534
8/16/2017,-0.016193481
8/17/2017,0.006626785
8/18/2017,0.03015498
8/21/2017,-0.02350029
8/22/2017,0.00569981
8/23/2017,0.01616291
8/24/2017,-0.020243751
8/25/2017,0.009276808
8/28/2017,-0.027156863
8/29/2017,-0.002791518
8/30/2017,-0.010335918
8/31/2017,0.027632746
9/1/2017,0.0012704
9/5/2017,0.028970162
9/6/2017,0.01027538
9/7/2017,-0.001423922
9/8/2017,-0.032796904
9/11/2017,0.012426285
9/12/2017,0.003328479
9/13/2017,0.022185341
9/14/2017,0.011967546
9/18/2017,0.000400902
9/19/2017,-0.008615508
9/20/2017,0.018795473
9/21/2017,0.002777207
9/22/2017,0.002176083
9/25/2017,0.030793545
9/26/2017,-0.006510915
9/27/2017,0.005011527
9/28/2017,-0.011123859
9/29/2017,0.002133379
10/2/2017,-0.021095337
10/3/2017,-0.003163385
10/4/2017,-0.008726656
10/5/2017,0.016206503
10/6/2017,-0.029533372
10/9/2017,0.005883567
10/10/2017,0.027026945
10/11/2017,0.007462706
10/12/2017,-0.013645244
10/13/2017,0.016798479
10/16/2017,0.008163226
10/17/2017,0.000192828
10/18/2017,0.00308404
10/19/2017,-0.01441199
10/20/2017,0.003509456
10/23/2017,0.0083544
10/24/2017,0.010982639
10/25/2017,-0.005526987
10/26/2017,0.008815619
10/27/2017,0.023936228
10/30/2017,0.004638219
10/31/2017,0.004247442
11/1/2017,-0.001471166
11/2/2017,0.004419926
11/3/2017,0.020168646
11/6/2017,0.030733268
11/7/2017,-0.002615467
11/8/2017,-0.006818182
11/9/2017,0.00633686
11/10/2017,-0.007521358
11/13/2017,0.000352415
11/14/2017,-0.018675071
11/15/2017,-0.006642711
11/16/2017,-0.003433996
11/17/2017,0.025571274
11/20/2017,-0.008134377
11/21/2017,0.013193118
11/22/2017,0.020939609
11/24/2017,0.016028973
11/27/2017,-0.014249364
11/28/2017,-0.002065032
11/29/2017,-0.011898655
11/30/2017,0.001745253
12/1/2017,0.016724721
12/4/2017,-0.015250171
12/5/2017,0.002610023
12/6/2017,-0.028809442
12/7/2017,0.013045032
12/8/2017,0.011818698
12/11/2017,0.010983281
12/12/2017,-0.014657751
12/13/2017,-0.00945049
12/14/2017,0.007773905
12/15/2017,0.00455817
12/18/2017,-0.002443264
12/19/2017,0.005248408
12/20/2017,0.010964167
12/21/2017,0.004647977
12/22/2017,0.001884853
12/26/2017,0.025654181
12/27/2017,-0.005502785
12/28/2017,0.003353471
12/29/2017,0.00969248
1/2/2018,-0.000827524
1/3/2018,0.020871327
1/4/2018,0.00616578
1/5/2018,-0.00919205
1/8/2018,0.004720068
1/9/2018,0.019925466
1/10/2018,0.009688707
1/11/2018,0.003618043
1/12/2018,0.007837053
1/16/2018,-0.008864743
1/17/2018,0.003765903
1/18/2018,-0.000312647
1/19/2018,-0.009069617
1/22/2018,0.001893688
1/23/2018,0.015435485
1/24/2018,0.017682643
1/25/2018,-0.001524143
1/26/2018,0.009616806
1/29/2018,-0.008769293
1/30/2018,-0.016168365
1/31/2018,0.003565938
2/1/2018,0.016530202
2/2/2018,-0.00531924
2/5/2018,-0.019862415
2/6/2018,-0.011847279
2/7/2018,-0.025240543
2/8/2018,-0.010357647
2/9/2018,-0.031888813
2/12/2018,0.00152027
2/13/2018,-0.001686659
2/14/2018,0.023821575
2/15/2018,0.012211255
2/16/2018,0.005542876
2/20/2018,0.003566829
2/21/2018,-0.003554152
2/22/2018,0.017671855
2/23/2018,0.012426302
2/26/2018,0.005664847
2/27/2018,-0.014082335
2/28/2018,-0.021742565
3/1/2018,-0.010545052
3/2/2018,0.004262961
3/5/2018,0.02155102
3/6/2018,0.000479431
3/7/2018,-0.023162876
3/8/2018,-0.016843875
3/9/2018,0.031936162
3/12/2018,-0.01096067
3/13/2018,-0.010593253
3/14/2018,0.004117938
3/15/2018,0.003772966
3/16/2018,0.018793937
3/19/2018,-0.004491482
3/20/2018,0.021592023
3/21/2018,0.027917917
3/22/2018,-0.013349624
3/23/2018,0.024572223
3/26/2018,-0.005009017
3/27/2018,-0.004576705
3/28/2018,-0.013333379
3/29/2018,0.008698432
4/2/2018,-0.029719802
4/3/2018,0.007935249
4/4/2018,-0.002204362
4/5/2018,0.002682689
4/6/2018,-0.023292414
4/9/2018,0.021914228
4/10/2018,0.032954968
4/11/2018,0.019996916
4/12/2018,0.003741395
4/13/2018,0.00477112
4/16/2018,-0.017361597
4/17/2018,0.004530293
4/18/2018,0.029314553
4/19/2018,-0.002628889
4/20/2018,0.00131785
4/23/2018,0.003802311
4/24/2018,-0.013694668
4/25/2018,0.005169956
4/26/2018,0.002057296
4/27/2018,-0.0013199
4/30/2018,0.006901645
5/1/2018,-0.019250401
5/2/2018,0.010111524
5/3/2018,0.007360518
5/4/2018,0.018851396
5/7/2018,0.014486546
5/8/2018,-0.023610984
5/9/2018,0.030118753
5/10/2018,0.003092522
5/11/2018,-0.009248935
5/14/2018,0.003677539
5/15/2018,0.004932342
5/16/2018,0.00252419
5/18/2018,-0.00293746
5/21/2018,0.013468
5/22/2018,-0.001522716
5/23/2018,-0.004020533
5/24/2018,-0.015729358
5/25/2018,-0.040022656
5/29/2018,-0.016941574
5/30/2018,0.022178869
5/31/2018,-0.017152881
6/1/2018,-0.0183473
6/4/2018,-0.016106945
6/5/2018,0.011891846
6/6/2018,-0.012057296
6/7/2018,0.018847427
6/8/2018,-0.003184215
6/11/2018,0.005476118
6/12/2018,0.00393348
6/13/2018,0.004219379
6/14/2018,0.003751501
6/15/2018,-0.027358365
6/18/2018,0.012142638
6/19/2018,-0.011845072
6/20/2018,0.01767329
6/21/2018,-0.010268801
6/22/2018,0.046383902
6/25/2018,-0.007290755
6/26/2018,0.035987029
6/27/2018,0.031617794
6/28/2018,0.009483164
6/29/2018,0.009530361
7/2/2018,-0.002832097
7/3/2018,0.002704855
7/5/2018,-0.016185555
7/6/2018,0.011790526
7/9/2018,0.000677439
7/10/2018,0.003520691
7/11/2018,-0.050330643
7/12/2018,-0.000710358
7/13/2018,0.009668704
7/16/2018,-0.0415435
7/17/2018,0.000293917
7/18/2018,0.009988249
7/19/2018,0.010180293
7/20/2018,0.014396775
7/23/2018,-0.036474596
7/24/2018,0.009279688
7/25/2018,0.011383626
7/26/2018,0.004473275
7/27/2018,-0.013216477
7/30/2018,0.020963677
7/31/2018,-0.019535079
8/1/2018,-0.015997644
8/2/2018,0.019213641
8/3/2018,-0.00681556
8/6/2018,0.007592408
8/7/2018,0.002318447
8/8/2018,-0.032239353
8/9/2018,-0.001942097
8/10/2018,0.012273597
8/13/2018,-0.006358125
8/14/2018,-0.002380893
8/15/2018,-0.030280414
8/16/2018,0.006921966
8/17/2018,0.006874504
8/20/2018,0.007889485
8/21/2018,0.013849134
8/22/2018,0.007572428
8/23/2018,-0.000442072
8/24/2018,0.013121023
8/27/2018,0.0021828
8/28/2018,-0.004936895
8/29/2018,0.01430035
8/30/2018,0.010645921
8/31/2018,-0.006405651
9/4/2018,0.001002865
9/5/2018,-0.016459166
9/6/2018,-0.013824272
9/7/2018,-0.000295072
9/10/2018,-0.003099616
9/11/2018,0.025318315
9/12/2018,0.016173329
9/13/2018,-0.025294968
9/14/2018,0.005831783
9/17/2018,-0.001159501
9/18/2018,0.013640893
9/19/2018,0.01818189
9/20/2018,-0.004499437
9/21/2018,-0.000282542
9/24/2018,0.018366813
9/25/2018,0.002774653
9/26/2018,-0.009822897
9/27/2018,0.007684826
9/28/2018,0.015668288
10/1/2018,0.027986389
10/2/2018,-0.000929615
10/3/2018,0.015685245
10/4/2018,-0.027221593
10/5/2018,0.000134454
10/8/2018,-0.000672518
10/9/2018,0.009018683
10/10/2018,-0.023879416
10/11/2018,-0.030066927
10/12/2018,0.0052134
10/15/2018,0.00616769
10/16/2018,0.00195039
10/17/2018,-0.030172387
10/18/2018,-0.015770581
10/19/2018,0.006846336
10/22/2018,0.000723307
10/23/2018,-0.039612521
10/24/2018,0.005870841
10/25/2018,0.007632475
10/26/2018,0.003861488
10/29/2018,-0.008137225
10/30/2018,-0.012828177
10/31/2018,-0.013145996
11/1/2018,-0.024804763
11/2/2018,-0.008635579
11/5/2018,-0.000633529
11/6/2018,-0.01410458
11/7/2018,-0.008680293
11/8/2018,-0.01621534
11/9/2018,-0.007911637
11/12/2018,-0.004319638
11/13/2018,-0.070749224
11/14/2018,0.010055683
11/15/2018,0.003733316
11/19/2018,0.005313479
11/20/2018,-0.058668043
11/21/2018,0.022459311
11/23/2018,-0.077063938
11/26/2018,0.023998474
11/27/2018,-0.001355801
11/28/2018,-0.024631497
11/29/2018,0.023066215
11/30/2018,-0.010106919
12/3/2018,0.039662301
12/4/2018,0.005665703
12/6/2018,-0.033051606
12/7/2018,0.021751776
12/10/2018,-0.030602565
12/11/2018,0.012745137
12/12/2018,-0.009680542
12/13/2018,0.027956988
12/14/2018,-0.026245739
12/17/2018,-0.025781249
12/18/2018,-0.072975119
12/19/2018,0.020761223
12/20/2018,-0.027966101
12/21/2018,-0.006320859
12/24/2018,-0.067120004
12/26/2018,0.086762335
12/27/2018,-0.034833405
12/28/2018,0.016139901
12/31/2018,0.001764791
1/2/2019,0.024884409
1/3/2019,0.011817769
1/4/2019,0.018475239
1/7/2019,0.011676418
1/8/2019,0.025968652
1/9/2019,0.051828085
1/10/2019,0.004392647
1/11/2019,-0.019015022
1/14/2019,-0.020934328
1/15/2019,0.031676956
1/16/2019,0.003838035
1/17/2019,-0.004588052
1/18/2019,0.033224486
1/22/2019,-0.022862435
1/23/2019,0.000951094
1/24/2019,0.00969217
1/25/2019,0.010540147
1/28/2019,-0.031663197
1/29/2019,0.025389478
1/30/2019,0.017257531
1/31/2019,-0.008113572
2/1/2019,0.027328443
2/4/2019,-0.012667337
2/5/2019,-0.016495619
2/6/2019,0.006522512
2/7/2019,-0.025365655
2/8/2019,0.001519795
2/11/2019,-0.00588014
2/12/2019,0.013165388
2/13/2019,0.015065989
2/14/2019,0.009461929
2/15/2019,0.02168719
2/19/2019,0.008994423
2/20/2019,0.014797611
2/21/2019,0.000702758
2/22/2019,0.005266836
2/25/2019,-0.031086239
2/26/2019,0.00036049
2/27/2019,0.025945928
2/28/2019,0.004917492
3/1/2019,-0.024816532
3/4/2019,0.014157724
3/5/2019,-0.000530111
3/6/2019,-0.006011315
3/7/2019,0.007826378
3/8/2019,-0.01041299
3/11/2019,0.012841109
3/12/2019,0.001408663
3/13/2019,0.024441692
3/14/2019,0.006007604
3/15/2019,-0.001535591
3/18/2019,0.00974026
3/19/2019,-0.001015417
3/20/2019,0.013552482
3/21/2019,0.00250707
3/22/2019,-0.015671874
3/25/2019,-0.003726304
3/26/2019,0.019041125
3/27/2019,-0.008842159
3/28/2019,-0.001851557
3/29/2019,0.014165262
4/1/2019,0.024110426
4/2/2019,0.01607407
4/3/2019,-0.001917593
4/4/2019,-0.005763705
4/5/2019,0.015781063
4/8/2019,0.020925808
4/9/2019,-0.00652177
4/10/2019,0.009846843
4/11/2019,-0.015941789
4/12/2019,0.0048757
4/15/2019,-0.007669385
4/16/2019,0.010252381
4/17/2019,-0.004527791
4/18/2019,0.003764147
4/22/2019,0.026562453
4/23/2019,0.009132512
4/24/2019,-0.006184072
4/25/2019,-0.010320231
4/26/2019,-0.029289987
4/29/2019,0.003159574
4/30/2019,0.006456693
5/1/2019,-0.004850602
5/2/2019,-0.028144608
5/3/2019,0.002103187
5/6/2019,0.00500486
5/7/2019,-0.013654586
5/8/2019,0.011726335
5/9/2019,-0.006761075
5/10/2019,-0.000648314
5/13/2019,-0.010055125
5/14/2019,0.012123165
5/15/2019,0.003884769
5/16/2019,0.01370524
5/17/2019,-0.001749658
5/20/2019,0.005417464
5/21/2019,-0.001743201
5/22/2019,-0.024924654
5/23/2019,-0.057147478
5/24/2019,0.012433103
5/28/2019,0.008698584
5/29/2019,-0.005579946
5/30/2019,-0.037748699
5/31/2019,-0.054603287
6/3/2019,-0.004672897
6/4/2019,0.004319249
6/5/2019,-0.033657442
6/6/2019,0.017608359
6/7/2019,0.026621069
6/10/2019,-0.013521096
6/11/2019,0.000187796
6/12/2019,-0.039985001
6/13/2019,0.022291749
6/14/2019,0.004399369
6/17/2019,-0.011045477
6/18/2019,0.037935721
6/19/2019,-0.002597477
6/20/2019,0.053757517
6/21/2019,0.01376872
6/24/2019,0.008183911
6/25/2019,-0.001208981
6/26/2019,0.026802679
6/27/2019,0.000842018
6/28/2019,-0.016153441
7/1/2019,0.010603711
7/2/2019,-0.048062278
7/3/2019,0.019377778
7/5/2019,0.002964737
7/8/2019,0.002608277
7/9/2019,0.002948352
7/10/2019,0.044959328
7/11/2019,-0.00380604
7/12/2019,0.00016608
7/15/2019,-0.010463329
7/16/2019,-0.032896995
7/17/2019,-0.014578272
7/18/2019,-0.026065516
7/19/2019,0.005967487
7/22/2019,0.010605788
7/23/2019,0.009782977
7/24/2019,-0.015677277
7/25/2019,0.002505351
7/26/2019,0.003213156
7/29/2019,0.011921672
7/30/2019,0.020749077
7/31/2019,0.009130112
8/1/2019,-0.079037228
8/2/2019,0.031695996
8/5/2019,-0.017427255
8/6/2019,-0.019381935
8/7/2019,-0.047361569
8/8/2019,0.028381307
8/9/2019,0.037304891
8/12/2019,0.007889908
8/13/2019,0.039504788
8/14/2019,-0.032749528
8/15/2019,-0.013760619
8/16/2019,0.007343455
8/19/2019,0.02442136
8/20/2019,0.002312774
8/21/2019,-0.01171459
8/22/2019,-0.00592676
8/23/2019,-0.021318881
8/26/2019,-0.009783995
8/27/2019,0.024049236
8/28/2019,0.015474222
8/29/2019,0.016672643
8/30/2019,-0.028390073
9/3/2019,-0.021052614
9/4/2019,0.043010735
9/5/2019,0.000711003
9/6/2019,0.003907655
9/9/2019,0.023531458
9/10/2019,-0.007778669
9/11/2019,-0.028745678
9/12/2019,-0.011838565
9/13/2019,-0.004356544
9/16/2019,0.14676398
9/17/2019,-0.056597804
9/18/2019,-0.020727991
9/19/2019,0.000344175
9/20/2019,-0.00068813
9/23/2019,0.00946805
9/24/2019,-0.023021794
9/25/2019,-0.013964025
9/26/2019,-0.001416215
9/27/2019,-0.008863677
9/30/2019,-0.032910034
10/1/2019,-0.008322563
10/2/2019,-0.018276763
10/3/2019,-0.003609385
10/4/2019,0.00686368
10/7/2019,-0.001136167
10/8/2019,-0.002274863
10/9/2019,-0.000760042
10/10/2019,0.018254402
10/11/2019,0.021475295
10/14/2019,-0.020292522
10/15/2019,-0.014554936
10/16/2019,0.010414694
10/17/2019,0.01068214
10/18/2019,-0.002781402
10/21/2019,-0.008739271
10/22/2019,0.015944457
10/23/2019,0.033419516
10/24/2019,0.004645328
10/25/2019,0.007647163
10/28/2019,-0.015001747
10/29/2019,-0.004837843
10/30/2019,-0.00864242
10/31/2019,-0.015982582
11/1/2019,0.037283149
11/4/2019,0.006049822
11/5/2019,0.012203732
11/6/2019,-0.015376586
11/7/2019,0.014197055
11/8/2019,0.001574803
11/11/2019,-0.006638731
11/12/2019,-0.001055259
11/13/2019,0.005633803
11/14/2019,-0.006127434
11/15/2019,0.016734208
11/18/2019,-0.011607796
11/19/2019,-0.032252411
11/20/2019,0.034414092
11/21/2019,0.025739817
11/22/2019,-0.013827278
11/25/2019,0.004154371
11/26/2019,0.006895398
11/27/2019,-0.00513609
11/29/2019,-0.050593752
12/2/2019,0.014319395
12/3/2019,0.002501769
12/4/2019,0.041533014
12/6/2019,0.013178179
12/9/2019,-0.003040557
12/10/2019,0.003727584
12/11/2019,-0.008102701
12/12/2019,0.007147754
12/13/2019,0.015038864
12/16/2019,0.002330598
12/17/2019,0.012124232
12/18/2019,-0.000164079
12/19/2019,0.004759577
12/20/2019,-0.012740967
12/23/2019,0.001323643
12/24/2019,0.00974886
12/26/2019,0.009327426
12/27/2019,0.000648525
12/30/2019,-0.000648104
12/31/2019,-0.010051864
1/2/2020,0.001965264
1/3/2020,0.030565528
1/6/2020,0.00348931
1/7/2020,-0.009008993
1/8/2020,-0.049282296
1/9/2020,-0.000838785
1/10/2020,-0.008730692
1/13/2020,-0.016260145
1/14/2020,0.00258261
1/15/2020,-0.00721276
1/16/2020,0.012281595
1/17/2020,0.000341781
1/21/2020,-0.003416484
1/22/2020,-0.027425403
1/23/2020,-0.020267923
1/24/2020,-0.025184404
1/27/2020,-0.019376269
1/28/2020,0.006398212
1/29/2020,-0.002804749
1/30/2020,-0.02231395
1/31/2020,-0.011123859
2/3/2020,-0.028122575
2/4/2020,-0.009978048
2/5/2020,0.022979217
2/6/2020,0.003940906
2/7/2020,-0.012365083
2/10/2020,-0.01490461
2/11/2020,0.007464172
2/12/2020,0.024629536
2/13/2020,0.004885675
2/14/2020,0.012252062
2/19/2020,0.023823286
2/20/2020,0.009194933
2/21/2020,-0.007437672
2/24/2020,-0.036530554
2/25/2020,-0.029749135
2/26/2020,-0.023446933
2/27/2020,-0.033654833
2/28/2020,-0.049479762
3/2/2020,0.044459385
3/3/2020,0.009197861
3/4/2020,-0.00847819
3/5/2020,-0.018811394
3/6/2020,-0.100653656
3/9/2020,-0.245881789
3/10/2020,0.1037585
3/11/2020,-0.040163008
3/12/2020,-0.044875682
3/13/2020,0.007301587
3/16/2020,-0.095493193
3/17/2020,-0.060975608
3/18/2020,-0.244155835
3/19/2020,0.238095128
3/20/2020,-0.110626452
3/23/2020,0.041462372
3/24/2020,0.027825298
3/25/2020,0.01999167
3/26/2020,-0.077174357
3/27/2020,-0.048230088
3/30/2020,-0.066015807
3/31/2020,0.019412643
4/1/2020,-0.00830083
4/2/2020,0.246676575
4/3/2020,0.119273302
4/6/2020,-0.079745942
4/7/2020,-0.093941756
4/8/2020,0.06178591
4/9/2020,-0.092865684
4/13/2020,-0.015377856
4/14/2020,-0.102632709
4/15/2020,-0.01193436
4/17/2020,-0.080523448
4/20/2020,-3.059660701
4/21/2020,-1.266011154
4/22/2020,0.376623377
4/23/2020,0.197387518
4/24/2020,0.026666727
4/27/2020,-0.245572654
4/28/2020,-0.034428795
4/29/2020,0.220421394
4/30/2020,0.250996016
5/1/2020,0.049893896
5/4/2020,0.030839129
5/5/2020,0.204512026
5/6/2020,-0.023208429
5/7/2020,-0.018341017
5/8/2020,0.05053083
5/11/2020,-0.024252264
5/12/2020,0.06793712
5/13/2020,-0.019006981
5/14/2020,0.089758715
5/15/2020,0.067851998
5/18/2020,0.08120965
5/19/2020,0.021370207
5/20/2020,0.0304616
5/21/2020,0.012839533
5/22/2020,-0.019752301
5/26/2020,0.033082647
5/27/2020,-0.044832521
5/28/2020,0.0274306
5/29/2020,0.052803413
6/1/2020,-0.001408932
6/2/2020,0.038656942
6/3/2020,0.013039934
6/4/2020,0.003217994
6/5/2020,0.057203929
6/8/2020,-0.034386853
6/9/2020,0.019638649
6/10/2020,0.016949127
6/11/2020,-0.082323186
6/12/2020,-0.002201486
6/15/2020,0.023717624
6/16/2020,0.03394402
6/17/2020,-0.010943251
6/18/2020,0.023182324
6/19/2020,0.023429454
6/22/2020,0.01786161
6/23/2020,-0.002224419
6/24/2020,-0.058459278
6/25/2020,0.018679375
6/26/2020,-0.005940057
6/29/2020,0.031436709
6/30/2020,-0.010831259
7/1/2020,0.014005602
7/2/2020,0.020843847
7/6/2020,-0.000492029
7/7/2020,-0.000246173
7/8/2020,0.00689323
7/9/2020,-0.031295915
7/10/2020,0.023472994
7/13/2020,-0.011097436
7/14/2020,0.00473823
7/15/2020,0.022586249
7/16/2020,-0.010922354
7/17/2020,-0.00392638
7/20/2020,0.005420079
7/21/2020,0.028179318
7/22/2020,-0.001429862
7/23/2020,-0.019809116
7/24/2020,0.005356732
7/27/2020,0.007507798
7/28/2020,-0.013461467
7/29/2020,0.005604264
7/30/2020,-0.032711461
7/31/2020,0.008767586
8/3/2020,0.018375913
8/4/2020,0.016825239
8/5/2020,0.011750551
8/6/2020,-0.005688505
8/7/2020,-0.017401668
8/10/2020,0.0174672
8/11/2020,-0.007868336
8/12/2020,0.025474573
8/13/2020,-0.010077244
8/14/2020,-0.00544517
8/17/2020,0.020947418
8/19/2020,0.000932642
8/20/2020,-0.00815276
8/21/2020,-0.005636496
8/24/2020,0.006613108
8/25/2020,0.017128086
8/26/2020,0.000922745
8/27/2020,-0.008066329
8/28/2020,-0.001626394
8/31/2020,-0.008377938
9/1/2020,0.00352023
9/2/2020,-0.029232929
9/3/2020,-0.003372657
9/4/2020,-0.038675345
9/8/2020,-0.07568524
9/9/2020,0.035092521
9/10/2020,-0.019710907
9/11/2020,0.00080437
9/14/2020,-0.001875274
9/15/2020,0.02737523
9/16/2020,0.049111835
9/17/2020,0.020169348
9/18/2020,0.003417134
9/21/2020,-0.043784966
9/22/2020,0.007377181
9/23/2020,0.008333384
9/24/2020,0.009516679
9/25/2020,-0.001488489
9/28/2020,0.008695602
9/29/2020,-0.032265938
9/30/2020,0.023670144
10/1/2020,-0.037294877
10/2/2020,-0.043130216
10/5/2020,0.058569556
10/6/2020,0.036970856
10/7/2020,-0.017703394
10/8/2020,0.031038748
10/9/2020,-0.01432389
10/12/2020,-0.028817686
10/13/2020,0.019528303
10/14/2020,0.020895522
10/15/2020,-0.001949366
10/16/2020,-0.001953076
10/19/2020,-0.001223067
10/20/2020,0.015429757
10/21/2020,-0.034491077
10/22/2020,0.015238571
10/23/2020,-0.019439001
10/26/2020,-0.032371319
10/27/2020,0.026192919
10/28/2020,-0.055092267
10/29/2020,-0.032629073
10/30/2020,-0.010505862
11/2/2020,0.02849958
11/3/2020,0.023091523
11/4/2020,0.039564578
11/5/2020,-0.009195427
11/6/2020,-0.042536787
11/9/2020,0.084814273
11/10/2020,0.026557458
11/11/2020,0.002176015
11/12/2020,-0.007961447
11/13/2020,-0.024075827
11/16/2020,0.03015198
11/17/2020,0.002177068
11/18/2020,0.009413469
11/19/2020,-0.001912912
11/20/2020,0.009822712
11/23/2020,0.021589536
11/24/2020,0.042963283
11/25/2020,0.017813382
11/27/2020,-0.003937869
11/30/2020,-0.004173051
12/1/2020,-0.01742393
12/2/2020,0.016386083
12/3/2020,0.00795053
12/4/2020,0.013584553
12/7/2020,-0.010808474
12/8/2020,-0.003496504
12/9/2020,-0.001754342
12/10/2020,0.027680119
12/11/2020,-0.004489077
12/14/2020,0.009018725
12/15/2020,0.013407043
12/16/2020,0.004199937
12/17/2020,0.011292367
12/18/2020,0.01530184
12/21/2020,-0.027698494
12/22/2020,-0.015081734
12/23/2020,0.023394279
12/24/2020,0.002285973
12/28/2020,-0.01264775
12/29/2020,0.007979862
12/30/2020,0.008333375
12/31/2020,0.002479297
1/4/2021,-0.018549073
1/5/2021,0.048509052
1/6/2021,0.014019648
1/7/2021,0.003950247
1/8/2021,0.027739523
1/11/2021,0.000191386
1/12/2021,0.018373187
1/13/2021,-0.005638019
1/14/2021,0.012474012
1/15/2021,-0.02258725
1/19/2021,0.011841081
1/20/2021,0.00490755
1/21/2021,-0.002066134
1/22/2021,-0.01618673
1/25/2021,0.009565716
1/26/2021,-0.003032007
1/27/2021,0.004561813
1/28/2021,-0.009649915
1/29/2021,-0.002674799
2/1/2021,0.02586203
2/2/2021,0.022595687
2/3/2021,0.016983218
2/4/2021,0.009696553
2/5/2021,0.011026107
2/8/2021,0.019701021
2/9/2021,0.006727618
2/10/2021,0.00548319
2/11/2021,-0.007498262
2/12/2021,0.021119488
2/16/2021,0.009752783
2/17/2021,0.018151541
2/18/2021,-0.010140645
2/19/2021,-0.02115
2/22/2021,0.037981093
2/23/2021,0.00292724
2/24/2021,0.025133826
2/25/2021,0.00490348
2/26/2021,-0.031953393
3/1/2021,-0.013983756
3/2/2021,-0.014676765
3/3/2021,0.025606678
3/4/2021,0.041612321
3/5/2021,0.035406454
3/8/2021,-0.015736012
3/9/2021,-0.015987716
3/10/2021,0.0067177
3/11/2021,0.024518854
3/12/2021,-0.006210179
3/15/2021,-0.003353178
3/16/2021,-0.009022725
3/17/2021,-0.003086497
3/18/2021,-0.071207402
3/19/2021,0.023666633
3/22/2021,0.002116591
3/23/2021,-0.061575972
3/24/2021,0.059210563
3/25/2021,-0.042824436
3/26/2021,0.041154371
3/29/2021,0.00967689
3/30/2021,-0.01640679
3/31/2021,-0.022956218
4/1/2021,0.038708604
4/5/2021,-0.045565483
4/6/2021,0.011594203
4/7/2021,0.007416113
4/8/2021,-0.00284427
4/9/2021,-0.004697953
4/12/2021,0.006405951
4/13/2021,0.008040184
4/14/2021,0.049351977
4/15/2021,0.004908899
4/16/2021,-0.005200095
4/19/2021,0.003960082
4/20/2021,-0.014831208
4/21/2021,-0.017456775
4/22/2021,0.001304026
4/23/2021,0.011557854
4/26/2021,-0.003701304
4/27/2021,0.016637038
4/28/2021,0.014617128
4/29/2021,0.018008158
4/30/2021,-0.021996615
5/3/2021,0.014312614
5/4/2021,0.018607599
5/5/2021,-0.000913457
5/6/2021,-0.01401795
5/7/2021,0.002936223
5/10/2021,0.000308105
5/11/2021,0.005545302
5/12/2021,0.012254948
5/13/2021,-0.034200998
5/14/2021,0.024287104
5/17/2021,0.013767691
5/18/2021,-0.011770017
5/19/2021,-0.032524005
5/20/2021,-0.020675536
5/21/2021,0.024657583
5/24/2021,0.038848709
5/25/2021,0.000302755
5/26/2021,0.00211895
5/27/2021,0.009666199
5/28/2021,-0.007928168
6/1/2021,0.021109786
6/2/2021,0.016391036
6/3/2021,-0.000290629
6/4/2021,0.011771618
6/7/2021,-0.005601838
6/8/2021,0.011844576
6/9/2021,-0.001284854
6/10/2021,0.00471701
6/11/2021,0.008820643
6/14/2021,-0.00042317
6/15/2021,0.017494442
6/16/2021,0.000415959
6/17/2021,-0.015384629
6/18/2021,0.008445918
6/21/2021,0.028196608
6/22/2021,-0.008145615
6/23/2021,0.000273802
6/24/2021,0.003010413
6/25/2021,0.010231923
6/28/2021,-0.015394989
6/29/2021,0.000960074
6/30/2021,0.006714141
7/1/2021,0.023955383
7/2/2021,-0.000930467
7/6/2021,-0.023815872
7/7/2021,-0.015946653
7/8/2021,0.010249377
7/9/2021,0.02220998
7/12/2021,-0.006169528
7/13/2021,0.015519596
7/14/2021,-0.028172797
7/15/2021,-0.020237865
7/16/2021,0.002233022
7/19/2021,-0.075059186
7/20/2021,0.015055707
7/21/2021,0.04271737
7/22/2021,0.022901862
7/23/2021,0.002224948
7/26/2021,-0.002220008
7/27/2021,-0.003615658
7/28/2021,0.010327941
7/29/2021,0.016991353
7/30/2021,0.004482396
8/2/2021,-0.036375864
8/3/2021,-0.009823239
8/4/2021,-0.034155273
8/5/2021,0.013793015
8/6/2021,-0.011723796
8/9/2021,-0.02636198
8/10/2021,0.027226202
8/11/2021,0.01405768
8/12/2021,-0.002310527
8/13/2021,-0.009407932
8/16/2021,-0.016803053
8/17/2021,-0.010402809
8/18/2021,-0.016969471
8/19/2021,-0.027039414
8/20/2021,-0.021510426
8/23/2021,0.053273411
8/24/2021,0.028945796
8/25/2021,0.012140953
8/26/2021,-0.013750775
8/27/2021,0.019578761
8/30/2021,0.006837373
8/31/2021,-0.010258619
9/1/2021,0.00131381
9/2/2021,0.020411169
9/3/2021,-0.010001386
9/7/2021,-0.013566214
9/8/2021,0.013899123
9/9/2021,-0.016738874
9/10/2021,0.023187585
9/13/2021,0.010470396
9/14/2021,0.000141973
9/15/2021,0.030513795
9/17/2021,-0.008814213
9/20/2021,-0.023343059
9/21/2021,0.003841186
9/22/2021,0.023667872
9/23/2021,0.014813789
9/24/2021,0.009276944
9/27/2021,0.019870153
9/28/2021,-0.002120557
9/29/2021,-0.006109696
9/30/2021,0.002672685
10/1/2021,0.011328775
10/4/2021,0.022931024
10/5/2021,0.016877054
10/6/2021,-0.019004181
10/7/2021,0.011235994
10/8/2021,0.013409897
10/11/2021,0.014744789
10/12/2021,0.001490338
10/13/2021,-0.002480122
10/14/2021,0.010815465
10/15/2021,0.011929665
10/18/2021,0.001944616
10/19/2021,0.006307581
10/20/2021,0.01096919
10/21/2021,-0.016334839
10/22/2021,0.015272752
10/26/2021,0.010625597
10/27/2021,-0.02350854
10/28/2021,0.00181459
10/29/2021,0.00917766
11/1/2021,0.005743724
11/2/2021,-0.001665663
11/3/2021,-0.036348503
11/4/2021,-0.025352498
11/5/2021,0.031214301
11/8/2021,0.008121115
11/9/2021,0.027096326
11/10/2021,-0.033392822
11/11/2021,0.003073519
11/12/2021,-0.009805062
11/15/2021,0.00111395
11/16/2021,-0.001483618
11/17/2021,-0.029717694
11/18/2021,0.008295061
11/19/2021,-0.036830831
11/22/2021,0.008541419
11/23/2021,0.022801303
11/24/2021,-0.001401287
11/25/2021,-0.004592423
11/26/2021,-0.126617931
11/29/2021,0.026412252
11/30/2021,-0.053895599
12/1/2021,-0.009217286
12/2/2021,0.014183316
12/3/2021,-0.003608992
12/6/2021,0.048747297
12/7/2021,0.036839906
12/8/2021,0.00430254
12/9/2021,-0.019624088
12/10/2021,0.01029033
12/13/2021,-0.005302037
12/14/2021,-0.007855211
12/15/2021,0.001979358
12/16/2021,0.021306532
12/17/2021,-0.021000222
12/20/2021,-0.03711541
12/21/2021,0.042356733
12/22/2021,0.023059603
12/23/2021,0.014156116
12/27/2021,0.024122496
12/28/2021,0.005425473
12/29/2021,0.007633522
12/30/2021,0.00561651
12/31/2021,-0.023119873
1/3/2022,0.011567651
1/4/2022,0.011961041
1/5/2022,0.011170282
1/6/2022,0.02068081
1/7/2022,-0.007047533
1/10/2022,-0.008491749
1/11/2022,0.038220604
1/12/2022,0.017483354
1/13/2022,-0.006292304
1/14/2022,0.020701375
1/18/2022,0.019207826
1/19/2022,0.017909388
1/20/2022,-0.000689938
1/21/2022,-0.020253199
1/24/2022,-0.021494022
1/25/2022,0.027487697
1/26/2022,0.020443926
1/27/2022,-0.008471632
1/28/2022,0.002424651
1/31/2022,0.015319074
2/1/2022,0.000567158
2/2/2022,0.000680329
2/3/2022,0.022773566
2/4/2022,0.022598882
2/7/2022,-0.01072471
2/8/2022,-0.021462976
2/9/2022,0.00335724
2/10/2022,0.002453636
2/11/2022,0.035825557
2/14/2022,0.025349098
2/15/2022,-0.035512246
2/16/2022,0.017269512
2/17/2022,-0.020286162
2/18/2022,-0.007519638
2/22/2022,0.0140551
2/23/2022,-0.002707093
2/24/2022,0.007709012
2/25/2022,-0.013145157
2/28/2022,0.045092316
3/1/2022,0.080338518
3/2/2022,0.069528998
3/3/2022,-0.026491863
3/4/2022,0.074394002
3/7/2022,0.032157694
3/8/2022,0.036013358
3/9/2022,-0.121261119
3/10/2022,-0.024655014
3/11/2022,0.031220572
3/14/2022,-0.057806639
3/15/2022,-0.063780214
3/16/2022,-0.014516808
3/17/2022,0.083543791
3/18/2022,0.016702214
3/21/2022,0.070869209
3/22/2022,-0.003210854
3/23/2022,0.028364334
3/24/2022,-0.022535491
3/25/2022,0.01388647
3/28/2022,-0.069710297
3/29/2022,-0.01623255
3/30/2022,0.034343842
3/31/2022,-0.069931376
4/1/2022,-0.010071819
4/4/2022,0.040394904
4/5/2022,-0.01278079
4/6/2022,-0.056198471
4/7/2022,-0.002078395
4/8/2022,0.023221941
4/11/2022,-0.040403022
4/12/2022,0.066921168
4/13/2022,0.036282327
4/14/2022,0.025899252
4/18/2022,0.011781225
4/19/2022,-0.052213299
4/20/2022,0.001852594
4/21/2022,0.010121664
4/22/2022,-0.016571934
4/25/2022,-0.034584099
4/26/2022,0.032068155
4/27/2022,0.003146509
4/28/2022,0.032738719
4/29/2022,-0.00635914
5/2/2022,0.004584927
5/3/2022,-0.026243169
5/4/2022,0.052729165
5/5/2022,0.004174047
5/6/2022,0.013947857
5/9/2022,-0.060854525
5/10/2022,-0.032301815
5/11/2022,0.059643112
5/12/2022,0.003973115
5/13/2022,0.041081703
5/16/2022,0.033577691
5/17/2022,-0.015761778
5/18/2022,-0.025000053
5/19/2022,0.023907319
5/20/2022,0.009090135
5/23/2022,-0.025964867
5/24/2022,-0.004714879
5/25/2022,0.005101622
5/26/2022,0.034079524
5/27/2022,0.008589745
5/31/2022,-0.003476162
6/1/2022,0.005145234
6/2/2022,0.013968428
6/3/2022,0.017113031
6/6/2022,-0.003112669
6/7/2022,0.007679359
6/8/2022,0.022611146
6/9/2022,-0.004913594
6/10/2022,-0.006913044
6/13/2022,0.002154653
6/14/2022,-0.016538493
6/15/2022,-0.03043809
6/16/2022,0.019772769
6/17/2022,-0.068288105
6/20/2022,0.006480458
6/21/2022,0.003446132
6/22/2022,-0.040307274
6/23/2022,-0.018080845
6/24/2022,0.032128187
6/27/2022,0.01811928
6/28/2022,0.019987241
6/29/2022,-0.017716562
6/30/2022,-0.036618665
7/1/2022,0.02524582
7/5/2022,-0.082357281
7/6/2022,-0.009748754
7/7/2022,0.042626652
7/8/2022,0.020052545
7/11/2022,-0.006680074
7/12/2022,-0.079258337
7/13/2022,0.004799739
7/14/2022,-0.005399834
7/15/2022,0.018897442
7/18/2022,0.05133725
7/19/2022,0.015789503
7/20/2022,-0.018806361
7/21/2022,-0.057793897
7/22/2022,-0.017125076
7/25/2022,0.021119325
7/26/2022,-0.017786909
7/27/2022,0.024005042
7/28/2022,-0.008636685
7/29/2022,0.022816895
8/1/2022,-0.047961913
8/2/2022,0.005644893
8/3/2022,-0.039822009
8/4/2022,-0.023384104
8/5/2022,0.005308346
8/8/2022,0.019660712
8/9/2022,-0.00286472
8/10/2022,0.015801105
8/11/2022,0.026215555
8/12/2022,-0.023849906
8/15/2022,-0.02910188
8/16/2022,-0.032211217
8/17/2022,0.018259586
8/18/2022,0.027125173
8/19/2022,0.002983392
8/22/2022,-0.005949036
8/23/2022,0.038900531
8/24/2022,0.012267986
8/25/2022,-0.02497631
8/26/2022,0.005836587
8/29/2022,0.042445778
8/30/2022,-0.055355148
8/31/2022,-0.022806591
9/1/2022,-0.032830842
9/2/2022,0.003001986
9/6/2022,0.000115045
9/7/2022,-0.056859981
9/8/2022,0.01952647
9/9/2022,0.038903519
9/12/2022,0.011406821
9/13/2022,-0.005354306
9/14/2022,0.013400584
9/15/2022,-0.038200779
9/16/2022,0.000117544
9/19/2022,0.007284714
9/20/2022,-0.014930666
9/21/2022,-0.017880344
9/22/2022,0.006631251
9/23/2022,-0.056893042
9/26/2022,-0.02578104
9/27/2022,0.02333465
9/28/2022,0.046496841
9/29/2022,-0.011199014
9/30/2022,-0.021420718
10/3/2022,0.052082012
10/4/2022,0.034556978
10/5/2022,0.014332005
10/6/2022,0.007862295
10/7/2022,0.04737142
10/10/2022,-0.016299676
10/11/2022,-0.019532526
10/12/2022,-0.023279251
10/13/2022,0.021084039
10/14/2022,-0.039277297
10/17/2022,-0.001752155
10/18/2022,-0.030891634
10/19/2022,0.032963089
10/20/2022,0.0050263
10/21/2022,-0.010816469
10/24/2022,-0.005526173
10/25/2022,0.008749089
10/26/2022,0.030356353
10/27/2022,0.013309043
10/28/2022,-0.01324652
10/31/2022,-0.015585927
11/1/2022,0.021264348
11/2/2022,0.018445139
11/3/2022,-0.020333356
11/4/2022,0.0503573
11/7/2022,-0.008854335
11/8/2022,-0.031375934
11/9/2022,-0.034641794
11/10/2022,0.007456588
11/11/2022,0.028796091
11/14/2022,-0.034734668
11/15/2022,0.012227728
11/16/2022,-0.01530145
11/17/2022,-0.046150218
11/18/2022,-0.019108244
11/21/2022,-0.004370617
11/22/2022,0.015301567
11/23/2022,-0.037183386
11/25/2022,-0.021298473
11/28/2022,0.012585199
11/29/2022,0.012428781
11/30/2022,0.030051229
12/1/2022,0.00831779
12/2/2022,-0.015267151
12/5/2022,-0.03813457
12/6/2022,-0.034836865
12/7/2022,-0.030168323
12/8/2022,-0.00763787
12/9/2022,-0.006157319
12/12/2022,0.030273178
12/13/2022,0.030340318
12/14/2022,0.025069638
12/15/2022,-0.015139726
12/16/2022,-0.023912758
12/19/2022,0.012114699
12/20/2022,0.011969597
12/21/2022,0.028913196
12/22/2022,-0.010218457
12/23/2022,0.026713125
12/27/2022,-0.000377061
12/28/2022,-0.007167107
12/29/2022,-0.007092161
12/30/2022,0.023724489
1/3/2023,-0.041490181
1/4/2023,-0.053165267
1/5/2023,0.011394866
1/6/2023,0.001357391
1/9/2023,0.011657856
1/10/2023,0.006565805
1/11/2023,0.03048457
1/12/2023,0.012659798
1/13/2023,0.018752418
1/16/2023,-0.01264717
1/17/2023,0.016867496
1/18/2023,-0.008730319
1/19/2023,0.010694501
1/20/2023,0.012199626
1/23/2023,0.003812631
1/24/2023,-0.018255402
1/25/2023,0.000249657
1/26/2023,0.010729881
1/27/2023,-0.01641775
1/30/2023,-0.022339332
1/31/2023,0.012451874
2/1/2023,-0.031190553
2/2/2023,-0.006936356
2/3/2023,-0.032814946
2/6/2023,0.009810628
2/7/2023,0.040885143
2/8/2023,0.017241405
2/9/2023,-0.005224965
2/10/2023,0.021265732
2/13/2023,0.005268414
2/14/2023,-0.013476429
2/15/2023,-0.005944877
2/16/2023,-0.001272401
2/17/2023,-0.027392051
2/21/2023,-0.002357768
2/22/2023,-0.029017948
2/23/2023,0.019472644
2/24/2023,0.012335867
2/27/2023,-0.008385744
2/28/2023,0.018102577
3/1/2023,0.008306281
3/2/2023,0.00604971
3/3/2023,0.019447235
3/6/2023,0.009789144
3/7/2023,-0.035794147
3/8/2023,-0.0118587
3/9/2023,-0.012261974
3/10/2023,0.012678275
3/13/2023,-0.024517436
3/14/2023,-0.046390386
3/15/2023,-0.052151982
3/16/2023,0.010945082
3/17/2023,-0.023555231
3/20/2023,0.013485182
3/21/2023,0.024985261
3/22/2023,0.022645319
3/23/2023,-0.013258152
3/24/2023,-0.010005675
3/27/2023,0.051256077
3/28/2023,0.005356393
3/29/2023,-0.003142022
3/30/2023,0.019185994
3/31/2023,0.017480099
4/3/2023,0.062772567
4/4/2023,0.003606081
4/5/2023,-0.001238979
4/6/2023,0.001116437
4/10/2023,-0.011895899
4/11/2023,0.022447969
4/12/2023,0.02121922
4/13/2023,-0.013211602
4/14/2023,0.005477081
